,strand_lead,geptop,Nc,GC,L_aa,Gravy
SPY49_RS00005,1,0.8586163572249479,42.81,0.336,450,-0.358222
SPY49_RS00010,1,0.8939252239540361,42.11,0.335,378,-0.016931
SPY49_RS00015,1,0.035840275810287765,30.61,0.32299999999999995,65,-0.409231
SPY49_RS00020,1,0.03513394018528882,36.09,0.374,371,-0.230189
SPY49_RS00025,1,0.8585972953563153,46.04,0.317,189,-0.146561
SPY49_RS00030,1,0.03540351308934544,44.51,0.353,1167,-0.364782
SPY49_RS00035,1,0.0,44.89,0.307,90,-0.408889
SPY49_RS00040,1,0.18800399116375108,39.46,0.266,123,-0.837398
SPY49_RS00045,1,0.0,41.12,0.315,428,-0.329206
SPY49_RS00050,1,0.8237428084427751,40.93,0.287,428,-0.404907
SPY49_RS00055,1,0.2537835318344009,42.62,0.304,180,-0.295556
SPY49_RS00060,1,0.6775145861508299,39.0,0.376,659,-0.27132
SPY49_RS00065,1,0.0,39.71,0.331,463,0.7946
SPY49_RS00240,1,0.07714344063120325,39.12,0.4,398,-0.318342
SPY49_RS00245,1,0.8588568845216156,41.96,0.395,320,0.0725
SPY49_RS00250,1,0.03529620535761177,41.74,0.311,251,-0.153387
SPY49_RS00255,1,0.6072251349460708,42.12,0.381,335,0.008955
SPY49_RS00260,1,0.4661719956736891,40.55,0.304,80,-0.025
SPY49_RS00265,1,0.17652511695866768,46.81,0.36,234,-0.370085
SPY49_RS00270,1,0.21173284992078056,43.39,0.449,1241,-0.16059600000000002
SPY49_RS00275,1,0.1412215639702003,49.07,0.388,484,-0.216529
SPY49_RS00280,1,0.24714845979913386,39.96,0.431,340,0.052941
SPY49_RS00285,1,0.10589135923807948,43.88,0.469,184,0.029891
SPY49_RS00290,1,0.24717155898288265,43.85,0.471,515,-0.149126
SPY49_RS00295,0,0.07044017874758109,44.51,0.397,374,-0.448931
SPY49_RS00300,1,0.14131105397356092,50.21,0.488,421,-0.035392
SPY49_RS00305,1,0.17657804118465198,52.77,0.507,163,0.18773
SPY49_RS00310,1,0.17642634572170135,48.71,0.495,357,0.048179
SPY49_RS00315,1,0.07119500462187706,43.99,0.273,493,-0.798783
SPY49_RS00320,1,0.35339059079402235,42.19,0.453,430,-0.433954
SPY49_RS00325,1,0.0,43.12,0.294,306,-0.313725
SPY49_RS00330,1,0.2868944089177653,45.94,0.398,332,-0.251205
SPY49_RS00335,1,0.0,49.04,0.359,145,-0.444828
SPY49_RS00340,1,0.0,58.52,0.35600000000000004,133,-0.258647
SPY49_RS00345,1,0.0,48.16,0.3670000000000001,591,0.437563
SPY49_RS00350,1,0.03533712226973363,37.38,0.406,880,-0.199432
SPY49_RS00355,1,0.0,37.31,0.425,338,0.203846
SPY49_RS00360,1,0.07053745327463425,47.91,0.413,429,0.831002
SPY49_RS00365,1,0.7523867383298176,30.88,0.405,102,-0.472549
SPY49_RS00370,1,0.9293015019551754,36.95,0.42,208,-0.312981
SPY49_RS00375,1,0.9645964869106546,30.62,0.428,207,-0.052657
SPY49_RS00385,1,0.8940704113084388,32.34,0.4370000000000001,277,-0.530686
SPY49_RS00390,1,0.7176034972072167,40.85,0.42,92,-0.795652
SPY49_RS00395,1,0.7530916667200487,31.46,0.401,114,-0.234211
SPY49_RS00400,1,0.9646859769140153,30.82,0.418,217,-0.419355
SPY49_RS00405,1,0.8588039147627131,33.46,0.436,137,-0.5051100000000001
SPY49_RS00410,1,0.7491067590842432,31.97,0.353,68,-0.817647
SPY49_RS00415,1,0.7883010695329401,30.63,0.388,86,-0.7093020000000001
SPY49_RS00420,1,0.7883099465793537,35.53,0.445,122,-0.156557
SPY49_RS00425,1,0.8198594912323299,33.53,0.37,101,-0.385148
SPY49_RS00430,1,0.9648261769372508,39.44,0.409,180,-0.111111
SPY49_RS00435,1,0.2934144187421709,32.63,0.41,61,-0.644262
SPY49_RS00440,1,0.8587808155789642,35.75,0.374,132,-0.231818
SPY49_RS00445,1,0.9647050150445208,31.89,0.393,178,-0.490449
SPY49_RS00450,1,0.7818242088679812,38.41,0.463,118,-0.400847
SPY49_RS00455,1,1.0,33.3,0.431,164,0.119512
SPY49_RS00460,1,0.5379364079419853,30.06,0.378,60,0.015
SPY49_RS00465,1,0.8551012326626876,33.61,0.4,146,-0.466438
SPY49_RS00470,1,0.9292759062605574,49.78,0.366,434,0.54424
SPY49_RS00475,1,0.7530617344146251,41.79,0.396,212,-0.383491
SPY49_RS00480,1,0.7884330058639805,35.15,0.375,72,-0.172222
SPY49_RS09045,1,0.5655866721969879,36.38,0.386,38,-0.7078949999999999
SPY49_RS00485,1,0.8550443931837689,37.21,0.397,121,-0.48843
SPY49_RS00490,1,0.8589441147859489,31.52,0.441,127,-0.274016
SPY49_RS00495,1,0.9647050150445208,42.15,0.384,312,-0.217949
SPY49_RS00500,1,0.7882723046082344,32.78,0.411,128,-0.608594
SPY49_RS00585,1,0.0,61.0,0.421,61,-0.196721
SPY49_RS00595,1,0.24751570617512536,39.25,0.386,70,0.247143
SPY49_RS00600,1,0.03541237390076618,42.46,0.34,147,-0.212925
SPY49_RS00605,1,0.03540351308934544,43.87,0.41,239,-0.572385
SPY49_RS00610,1,0.0,48.16,0.387,271,1.342435
SPY49_RS00615,0,0.0,55.8,0.412,127,-0.192913
SPY49_RS00620,0,0.7880995919848864,46.58,0.414,418,-0.433014
SPY49_RS00625,1,0.0,47.22,0.404,766,-0.241645
SPY49_RS00630,1,0.8585173920419277,37.45,0.434,1188,-0.419529
SPY49_RS00635,1,0.8233578060057307,38.64,0.439,1213,-0.316323
SPY49_RS00640,1,0.03521534132416388,38.98,0.35,121,-0.838843
SPY49_RS00645,1,0.03529498495547917,49.45,0.377,312,-0.146795
SPY49_RS00650,1,0.03540351308934544,47.94,0.349,328,0.36189
SPY49_RS00655,1,0.0,50.04,0.343,108,-0.434259
SPY49_RS00660,1,0.0,51.28,0.343,142,-0.11338
SPY49_RS00665,1,0.0,56.21,0.38,78,0.125641
SPY49_RS00670,1,0.0,47.65,0.35200000000000004,144,-0.24375
SPY49_RS00675,1,0.0,40.99,0.349,108,-0.237963
SPY49_RS00680,1,0.07087036393902132,53.46,0.386,317,-0.191483
SPY49_RS00685,1,0.10567501945356426,37.56,0.389,398,-0.105025
SPY49_RS00695,0,0.1764296012731062,55.74,0.439,256,0.185547
SPY49_RS00700,0,0.03543751246385449,48.64,0.458,355,-0.063944
SPY49_RS00710,0,0.0,53.13,0.383,377,-0.26817
SPY49_RS00715,1,0.0352972229654735,39.6,0.371,97,-0.372165
SPY49_RS00720,1,0.0,48.01,0.35200000000000004,105,0.06381
SPY49_RS00725,1,0.03513394018528882,46.73,0.428,214,-0.09486
SPY49_RS00730,1,0.21191753964763488,52.6,0.384,131,-0.21755700000000006
SPY49_RS00735,0,0.03543751246385449,51.16,0.397,213,-0.395305
SPY49_RS00740,0,0.0,48.03,0.463,325,-0.089538
SPY49_RS00745,0,0.07048660231936574,49.43,0.416,290,-0.173104
SPY49_RS00750,0,0.07069849804482461,47.49,0.318,511,-0.072798
SPY49_RS00755,1,0.035227482338748985,46.3,0.353,744,-0.699059
SPY49_RS00760,1,0.07074063535907907,48.01,0.3720000000000001,173,-0.06185
SPY49_RS00765,1,0.0,36.59,0.338,344,-0.352035
SPY49_RS00770,1,0.035457990038255144,44.02,0.326,241,-0.16431500000000002
SPY49_RS00775,1,0.07066838736546699,51.64,0.373,195,0.077436
SPY49_RS00780,0,0.0,51.75,0.343,401,-0.112469
SPY49_RS00785,1,0.0,50.64,0.388,1160,-0.644741
SPY49_RS00790,0,0.0,53.4,0.344,221,-0.89095
SPY49_RS00795,1,0.03540351308934544,51.88,0.399,468,0.663462
SPY49_RS00800,0,0.0,54.99,0.369,303,-0.069967
SPY49_RS00805,1,0.0,44.68,0.422,394,0.051777
SPY49_RS00810,1,0.03540351308934544,43.2,0.4,219,-0.041096
SPY49_RS00815,1,0.0,41.22,0.402,215,0.215349
SPY49_RS00820,0,0.03540351308934544,53.36,0.35700000000000004,226,-0.133629
SPY49_RS00825,1,0.0,57.55,0.416,121,0.045455
SPY49_RS00830,1,0.0,47.17,0.402,339,1.0059
SPY49_RS00835,1,0.0,46.36,0.387,106,-0.666981
SPY49_RS00840,1,0.035173823062749215,51.78,0.371,666,0.16231199999999998
SPY49_RS00845,1,0.0,52.63,0.411,159,0.812579
SPY49_RS00850,1,0.0,53.7,0.368,194,-0.66701
SPY49_RS00855,1,0.03543751246385449,56.41,0.388,332,-0.147289
SPY49_RS00860,1,0.0,53.84,0.387,106,0.216981
SPY49_RS00865,1,0.0,50.84,0.464,591,-0.13231800000000002
SPY49_RS00870,1,0.0,49.68,0.425,471,-0.214225
SPY49_RS00875,1,0.03540351308934544,54.88,0.386,208,-0.5115390000000001
SPY49_RS00880,0,0.0706997184469572,47.93,0.402,420,-0.342381
SPY49_RS00885,0,0.0350830892300203,48.05,0.381,292,-0.523288
SPY49_RS00890,1,0.3882395912185939,46.01,0.436,430,-0.214186
SPY49_RS00895,1,0.0,46.86,0.403,347,-0.304611
SPY49_RS00900,1,0.8538474907127652,42.5,0.412,179,-0.246369
SPY49_RS00905,1,0.11260654878967573,49.35,0.365,451,-0.629046
SPY49_RS00910,1,0.03529620535761177,46.41,0.333,161,-0.418634
SPY49_RS00915,1,0.0,46.09,0.371,571,-0.596147
SPY49_RS00920,1,0.0,51.23,0.4270000000000001,142,-0.540845
SPY49_RS00925,0,0.0,53.47,0.409,66,0.333333
SPY49_RS00930,0,0.0,54.73,0.392,108,-0.147222
SPY49_RS00935,1,0.07084102555319992,49.52,0.419,379,0.123219
SPY49_RS00940,1,0.8940149719428505,39.48,0.465,833,-0.370108
SPY49_RS00945,1,0.03540351308934544,45.79,0.425,477,0.869392
SPY49_RS00950,1,0.07059342832308528,38.74,0.402,92,0.059783
SPY49_RS00955,1,0.0,43.95,0.429,161,0.147205
SPY49_RS00960,1,0.035227482338748985,49.42,0.47,220,0.056364
SPY49_RS00965,1,0.0,46.6,0.419,287,-0.398258
SPY49_RS00970,1,0.0,45.72,0.469,234,-0.455555
SPY49_RS00975,1,0.03543751246385449,48.99,0.37,548,-0.275547
SPY49_RS00980,1,0.0,41.76,0.401,363,-0.387052
SPY49_RS00985,1,0.0,50.78,0.424,398,-0.197739
SPY49_RS00990,1,0.03540351308934544,45.18,0.417,575,0.248348
SPY49_RS00995,1,0.32150951240468045,48.66,0.423,880,-0.227614
SPY49_RS01000,1,0.035227482338748985,49.93,0.435,151,0.071523
SPY49_RS01005,1,0.24673955016297014,48.48,0.396,155,-0.334839
SPY49_RS01010,1,0.0,58.49,0.391,99,0.112121
SPY49_RS01015,1,0.0,44.27,0.32,444,-0.516667
SPY49_RS01050,0,0.03541258367756097,49.46,0.435,436,0.972707
SPY49_RS01055,1,0.10569852836697168,42.81,0.422,289,0.07889299999999999
SPY49_RS01070,0,0.0,45.01,0.34600000000000003,287,0.6
SPY49_RS09070,1,0.03521406298510677,35.34,0.35,61,-0.339344
SPY49_RS01075,1,0.0708191229676987,47.7,0.434,380,-0.389474
SPY49_RS09075,1,0.0,61.0,0.424,103,-0.242718
SPY49_RS01080,1,0.03529498495547917,46.79,0.4,179,1.258659
SPY49_RS01085,1,0.035173823062749215,51.87,0.435,259,-0.164479
SPY49_RS01090,1,0.4592011511259659,59.19,0.452,171,-0.32807
SPY49_RS01095,0,0.0,50.19,0.375,410,-0.432683
SPY49_RS01100,1,0.07071059483383244,47.49,0.279,234,-0.407265
SPY49_RS01105,1,0.399076644749664,35.13,0.415,449,-0.18196
SPY49_RS01115,1,0.07074063535907907,49.7,0.383,223,0.976233
SPY49_RS01120,0,0.14112888641137614,49.3,0.385,299,-0.246488
SPY49_RS01125,0,0.5017090035209691,49.66,0.429,338,-0.021006
SPY49_RS01135,1,0.10565074482987558,47.65,0.385,568,0.188028
SPY49_RS01140,1,0.3181380001021981,49.25,0.409,594,0.114983
SPY49_RS01145,1,0.0,54.62,0.439,255,-0.5443140000000001
SPY49_RS01150,1,0.3954587241656741,55.78,0.43,152,-0.155263
SPY49_RS01155,1,0.03540351308934544,52.54,0.447,462,-0.091342
SPY49_RS01160,1,0.04184845567572408,53.44,0.461,165,-0.047273
SPY49_RS01165,1,0.0,40.83,0.384,236,-0.148305
SPY49_RS01170,1,0.9647050150445208,44.17,0.411,496,-0.5284270000000001
SPY49_RS01175,1,0.0,50.81,0.332,448,0.205803
SPY49_RS01180,1,0.0,51.22,0.322,427,0.385012
SPY49_RS01185,1,0.03529498495547917,49.58,0.358,246,-0.210162
SPY49_RS01190,1,0.5405828187927195,44.01,0.384,119,-0.631933
SPY49_RS01195,1,0.7414229209959075,52.26,0.408,269,0.2829
SPY49_RS01200,1,0.070609008041464,49.69,0.42,304,-0.5799340000000001
SPY49_RS01205,1,0.7175633419021361,24.84,0.455,44,-1.531818
SPY49_RS01210,1,0.0,58.02,0.449,234,0.005983
SPY49_RS01215,1,0.0,45.72,0.399,439,-0.43713
SPY49_RS01220,1,0.0350830892300203,55.79,0.382,288,0.834722
SPY49_RS01225,1,0.0350830892300203,40.08,0.418,276,0.759782
SPY49_RS01230,1,0.0,56.88,0.383,220,0.978637
SPY49_RS01235,1,0.4947134842029273,52.04,0.438,304,0.06973700000000001
SPY49_RS01240,1,0.0,48.05,0.416,312,-0.007051000000000002
SPY49_RS01245,0,0.07073473542932797,54.8,0.386,276,-0.144565
SPY49_RS01250,1,0.0,47.41,0.449,263,-0.169202
SPY49_RS01255,1,0.0350830892300203,47.23,0.443,189,-0.596825
SPY49_RS01260,1,0.1768070120604901,49.27,0.425,290,-0.02069
SPY49_RS01265,1,0.25508894507728525,51.55,0.434,290,-0.358621
SPY49_RS01270,1,0.4242304151056568,51.06,0.433,220,0.180455
SPY49_RS01275,1,0.11310110538677802,51.79,0.41,210,-0.035238
SPY49_RS01280,1,0.0,56.06,0.411,423,-0.403073
SPY49_RS01285,1,0.0703803121954938,55.07,0.401,312,-0.416346
SPY49_RS01290,1,0.0,43.61,0.3720000000000001,279,-0.006451999999999999
SPY49_RS01295,1,0.0,46.99,0.396,873,-0.5156930000000001
SPY49_RS01300,1,0.852243886478356,35.76,0.448,134,-0.656716
SPY49_RS01305,1,0.8941338604154948,33.75,0.444,156,-0.5775640000000001
SPY49_RS01310,1,0.7881161336045229,31.6,0.431,692,-0.278468
SPY49_RS01315,1,0.6464210501761988,30.27,0.416,336,-0.091071
SPY49_RS09460,0,0.0,36.47,0.36,38,-1.273684
SPY49_RS01320,0,0.0,45.56,0.411,246,-0.282927
SPY49_RS01335,1,0.2471750569849451,47.11,0.374,279,0.901075
SPY49_RS01340,1,0.0,50.11,0.365,253,-0.46166
SPY49_RS01345,1,0.219221701681148,47.42,0.374,389,0.917738
SPY49_RS01350,1,0.4599507641102326,43.65,0.413,256,-0.091797
SPY49_RS01355,1,0.10708975738107453,47.86,0.425,420,-0.07619
SPY49_RS01360,1,0.5303156019108283,52.79,0.431,408,-0.065196
SPY49_RS01365,1,0.4598357863278268,55.31,0.43,159,-0.271069
SPY49_RS01370,1,0.35407899820529504,45.49,0.407,472,-0.366102
SPY49_RS01375,0,0.03529620535761177,47.66,0.369,393,-0.128499
SPY49_RS01385,1,0.03529498495547917,43.28,0.403,656,-0.541921
SPY49_RS01390,1,0.0,47.08,0.369,500,0.0754
SPY49_RS01395,1,0.07025691229276951,45.54,0.373,308,0.476299
SPY49_RS01400,1,0.2114033736088678,43.91,0.403,356,-0.075
SPY49_RS01405,1,0.10566042538211497,45.74,0.375,307,-0.261889
SPY49_RS01410,0,0.035791491532531625,29.21,0.35,59,-1.135593
SPY49_RS01445,1,0.03529498495547917,45.46,0.3720000000000001,183,-0.431148
SPY49_RS01450,1,0.15220926365363238,41.51,0.389,175,-0.237714
SPY49_RS01455,1,0.07163176734281937,41.36,0.377,373,-0.200268
SPY49_RS01460,1,0.035791491532531625,46.07,0.343,102,-0.252941
SPY49_RS01465,1,0.642751155122646,43.28,0.392,210,-0.29
SPY49_RS01470,1,0.04184845567572408,55.24,0.406,197,-0.158376
SPY49_RS01475,1,0.1059380771725814,43.33,0.405,117,-0.153846
SPY49_RS01480,1,0.2826916666914496,48.52,0.391,247,-0.377328
SPY49_RS01485,1,0.035173823062749215,46.99,0.362,368,-0.263587
SPY49_RS01490,1,0.0350830892300203,36.59,0.389,238,-0.357563
SPY49_RS01500,1,0.03513394018528882,47.59,0.369,281,-0.454093
SPY49_RS01505,1,0.0,45.41,0.393,354,-0.055085
SPY49_RS01510,1,0.0,42.01,0.3720000000000001,230,0.852174
SPY49_RS01515,0,0.0,48.21,0.371,456,0.916009
SPY49_RS01520,1,0.03529620535761177,46.55,0.378,404,0.997772
SPY49_RS01525,0,0.14093456559063938,40.5,0.378,224,0.007589
SPY49_RS01530,0,0.10553105250129394,48.5,0.382,458,0.681878
SPY49_RS01535,0,0.07056680057309854,48.89,0.381,237,-0.18692
SPY49_RS01540,1,0.03533712226973363,39.61,0.36,185,-0.317838
SPY49_RS01545,1,0.07072954855588587,46.63,0.404,298,0.248658
SPY49_RS01550,1,0.07768873148601182,41.53,0.375,178,-0.200562
SPY49_RS01555,1,0.07053745327463425,42.55,0.386,228,-0.356579
SPY49_RS01560,1,0.0,46.83,0.35600000000000004,500,-0.3602
SPY49_RS01565,1,0.141237462622828,50.97,0.388,164,-0.82439
SPY49_RS01570,1,0.1877223214706866,49.14,0.369,391,-0.416368
SPY49_RS01575,1,0.1525883812853978,47.16,0.413,300,-0.321333
SPY49_RS01580,1,0.7881337668799101,46.21,0.429,436,-0.16445
SPY49_RS01585,1,0.0,48.58,0.365,1031,-0.325024
SPY49_RS01590,1,0.0,45.28,0.365,200,-1.242
SPY49_RS01595,1,0.6822437817875633,45.48,0.376,442,-0.198643
SPY49_RS01600,1,0.03540351308934544,47.28,0.392,160,0.18875
SPY49_RS01605,1,0.07059220792095268,46.75,0.37,524,-0.469275
SPY49_RS01610,1,0.14135229018107606,40.76,0.381,160,-0.42125
SPY49_RS01615,0,0.035840275810287765,46.94,0.403,307,0.072313
SPY49_RS01620,0,0.0,47.27,0.38,92,-0.290217
SPY49_RS01625,1,0.0,51.65,0.42,245,-0.13102
SPY49_RS01630,1,0.0,50.25,0.398,166,-0.774699
SPY49_RS01635,1,0.1412642609443146,49.3,0.365,229,0.915284
SPY49_RS01640,1,0.10553105250129394,30.57,0.371,80,-0.0825
SPY49_RS01645,1,0.5414165534912321,54.14,0.403,264,0.223485
SPY49_RS01650,1,0.0,50.0,0.424,328,-0.353963
SPY49_RS01655,1,0.0,51.45,0.393,173,-0.385549
SPY49_RS01660,1,0.035271450242243506,57.35,0.344,153,0.022222
SPY49_RS01665,1,0.0,41.95,0.329,248,-0.112096
SPY49_RS01670,1,0.17675201909344265,51.45,0.35200000000000004,234,-0.073077
SPY49_RS01675,1,0.07092543171782044,47.22,0.384,183,-0.097268
SPY49_RS01680,1,0.14129829108249511,49.1,0.394,240,-0.502083
SPY49_RS01685,1,0.070609008041464,37.28,0.35200000000000004,87,-0.136782
SPY49_RS01690,1,0.07092543171782044,58.2,0.379,182,-0.624725
SPY49_RS01705,1,0.0,50.2,0.392,306,-0.466013
SPY49_RS01710,1,0.03529498495547917,53.22,0.4,184,0.171739
SPY49_RS01715,1,0.0702170294153091,48.52,0.386,444,0.041216
SPY49_RS01720,1,0.03540351308934544,51.21,0.383,263,-0.424715
SPY49_RS01725,1,0.1525883812853978,39.57,0.406,311,0.050161
SPY49_RS01730,1,0.0,52.6,0.398,217,-0.23318000000000005
SPY49_RS01735,0,0.03529620535761177,47.58,0.389,345,0.913044
SPY49_RS01740,0,0.03540351308934544,49.54,0.422,350,0.831714
SPY49_RS01745,0,0.03540879263116856,47.18,0.38,310,-0.266452
SPY49_RS01750,0,0.10585161629408142,47.84,0.394,260,0.006154
SPY49_RS01755,0,0.7885411870255439,50.25,0.416,481,-0.127443
SPY49_RS01760,1,0.15202437209161518,54.21,0.401,544,0.670588
SPY49_RS01765,1,0.10551323477292088,40.8,0.413,209,0.028708
SPY49_RS01770,1,0.2826932220818521,42.46,0.422,196,-0.166326
SPY49_RS01775,1,0.0,40.37,0.337,91,-0.967033
SPY49_RS01780,1,0.7878290114749356,51.53,0.417,211,0.018009999999999998
SPY49_RS01785,1,0.18744884152992897,52.8,0.393,291,-0.22405500000000006
SPY49_RS01795,1,0.0,46.82,0.336,107,-0.809346
SPY49_RS01800,1,0.03540351308934544,50.48,0.425,287,-0.13484300000000002
SPY49_RS01805,1,0.0,48.05,0.3670000000000001,130,0.683846
SPY49_RS01810,0,0.0,53.7,0.461,209,0.061244000000000014
SPY49_RS01815,1,0.0,53.06,0.404,118,-0.417797
SPY49_RS01820,0,0.03540351308934544,48.17,0.434,275,-0.444364
SPY49_RS01830,1,0.0,47.96,0.425,393,-0.200763
SPY49_RS01835,1,0.0,49.97,0.417,1647,-0.5313899999999999
SPY49_RS01840,1,0.0,50.83,0.404,235,0.39234
SPY49_RS01845,1,0.6048304272542161,47.94,0.444,665,-0.15609
SPY49_RS01850,1,0.17646611062676432,49.59,0.44,337,-0.436202
SPY49_RS01855,1,0.14127264654976074,45.81,0.424,162,-0.408025
SPY49_RS01860,1,0.4941060401516651,52.77,0.453,726,-0.204132
SPY49_RS01865,0,0.03529620535761177,54.2,0.511,250,-0.1768
SPY49_RS09470,1,0.0,43.91,0.408,67,-0.950746
SPY49_RS01890,1,0.0,41.71,0.341,134,-0.44403
SPY49_RS01905,0,0.0,41.49,0.259,230,-0.537391
SPY49_RS01910,0,0.0,31.87,0.278,60,-0.476667
SPY49_RS01915,0,0.0,51.74,0.344,61,-0.818033
SPY49_RS01920,0,0.0,45.67,0.366,122,-0.798361
SPY49_RS01930,0,0.07025691229276951,46.4,0.319,137,-0.4496350000000001
SPY49_RS01935,0,0.03529620535761177,42.88,0.311,135,-1.017778
SPY49_RS01940,0,0.03521406298510677,42.35,0.354,111,-1.4882879999999998
SPY49_RS01945,0,0.035314023085984816,39.9,0.337,200,-0.861
SPY49_RS09105,0,0.03543751246385449,36.36,0.333,52,-0.678846
SPY49_RS01950,0,0.0,55.33,0.371,88,-0.7136359999999999
SPY49_RS09110,0,0.0,61.0,0.339,57,-0.419298
SPY49_RS01960,0,0.0,55.03,0.381,562,-0.598577
SPY49_RS01965,0,0.0,51.56,0.422,285,-0.478596
SPY49_RS01970,0,0.0,44.75,0.391,92,-0.763044
SPY49_RS01985,0,0.0,39.23,0.309,69,-0.027536
SPY49_RS01990,0,0.03540351308934544,57.16,0.398,82,-0.641463
SPY49_RS01995,0,0.0,43.93,0.388,61,-0.537705
SPY49_RS02005,1,0.0,50.42,0.375,381,-0.21706
SPY49_RS02010,1,0.0,56.77,0.423,78,-0.084615
SPY49_RS02015,1,0.03541237390076618,49.57,0.43,231,0.093507
SPY49_RS02020,1,0.035434563600406685,54.5,0.415,319,-0.04326
SPY49_RS02025,1,0.0706997184469572,51.69,0.434,445,0.7314609999999999
SPY49_RS02030,1,0.7882325438543794,48.09,0.43,460,-0.171522
SPY49_RS02035,1,0.0,43.61,0.406,184,-0.139131
SPY49_RS02040,1,0.0,46.87,0.369,83,-0.044578
SPY49_RS02045,1,0.11267341325405125,49.22,0.4270000000000001,231,0.292641
SPY49_RS02050,1,0.035371735871658996,61.0,0.369,113,-0.784071
SPY49_RS02055,0,0.0,50.71,0.408,215,-0.29488400000000003
SPY49_RS02065,1,0.0,52.43,0.368,241,0.058506
SPY49_RS02070,1,0.07078734575001228,51.56,0.378,284,1.123591
SPY49_RS02075,0,0.035457990038255144,43.86,0.396,268,-0.507836
SPY49_RS02080,1,0.4657894993180112,50.35,0.413,801,-0.10973800000000003
SPY49_RS02085,0,0.035434563600406685,45.97,0.342,117,1.47094
SPY49_RS02090,1,0.8583423688829631,29.36,0.416,141,-0.004255
SPY49_RS02095,1,0.7175010615026852,33.89,0.422,229,-0.15065499999999998
SPY49_RS02100,1,0.8936674475991426,39.07,0.424,242,0.005372
SPY49_RS02105,1,0.9648922243930238,46.89,0.4,185,-0.514054
SPY49_RS02110,1,0.0,47.37,0.414,285,-0.388772
SPY49_RS02115,1,0.0,46.82,0.428,169,-0.653846
SPY49_RS02120,1,0.0,55.49,0.35700000000000004,71,-0.528169
SPY49_RS02125,1,0.10591378143206398,48.89,0.446,389,-0.286632
SPY49_RS02130,1,0.07048660231936574,48.34,0.412,590,-0.4113560000000001
SPY49_RS02135,1,0.07089255363866184,48.41,0.422,350,-0.069714
SPY49_RS02140,1,0.0,52.19,0.421,191,-0.32565500000000003
SPY49_RS02145,1,0.5723771689397227,46.41,0.39,165,-0.5351520000000001
SPY49_RS02150,1,0.10601252113080943,46.64,0.365,135,0.698519
SPY49_RS02155,1,0.6722875392414595,45.66,0.405,298,-0.32349
SPY49_RS02160,1,0.03540351308934544,44.55,0.42,158,-0.184177
SPY49_RS09115,0,0.0,38.4,0.282,84,-0.484524
SPY49_RS02170,1,0.0,27.03,0.4,60,0.786667
SPY49_RS02185,1,0.0,40.32,0.431,75,0.301333
SPY49_RS02190,1,0.0,36.24,0.399,66,0.495455
SPY49_RS02195,1,0.035457990038255144,28.67,0.469,54,0.614815
SPY49_RS02210,1,0.0,49.27,0.425,356,-0.339607
SPY49_RS02215,1,0.0,56.26,0.414,132,-0.6939390000000001
SPY49_RS02220,0,0.0,45.93,0.3670000000000001,89,-0.282022
SPY49_RS09485,0,0.0,36.0,0.303,22,1.354545
SPY49_RS02230,1,0.035314023085984816,51.29,0.363,288,-0.378819
SPY49_RS02235,1,0.07053745327463425,50.23,0.428,275,-0.200364
SPY49_RS02240,1,0.8237517422704155,53.49,0.42,197,-0.171066
SPY49_RS02245,1,0.0,51.75,0.4370000000000001,500,-0.0652
SPY49_RS02250,1,0.03532058065009717,46.14,0.385,397,0.7697729999999999
SPY49_RS09130,1,0.10618860384853676,40.4,0.34700000000000003,48,-0.897917
SPY49_RS02255,1,0.11603970317259872,48.28,0.38,78,0.932051
SPY49_RS02260,1,0.07092336504030806,50.82,0.415,776,-0.443557
SPY49_RS02265,1,0.2827838796023657,47.98,0.413,155,-0.6496770000000001
SPY49_RS02270,1,0.0,51.14,0.3720000000000001,239,-0.046025
SPY49_RS02275,0,0.0,49.4,0.431,215,0.00093
SPY49_RS02280,0,0.0,45.59,0.4,308,1.042533
SPY49_RS02285,0,0.0,46.7,0.394,227,0.559471
SPY49_RS02290,0,0.10588563829871428,51.24,0.38,308,0.039935000000000005
SPY49_RS02295,0,0.0,48.77,0.381,125,-0.6168
SPY49_RS02300,0,0.03540351308934544,46.72,0.407,221,-0.30181
SPY49_RS02305,0,0.07048784614873405,52.9,0.423,361,-0.001939
SPY49_RS02310,1,0.04184845567572408,44.83,0.398,333,-0.196096
SPY49_RS02315,1,0.0,48.87,0.391,332,-0.145482
SPY49_RS02320,1,0.2116909236053028,47.93,0.384,444,-0.013513
SPY49_RS02325,1,0.8937696080589446,42.41,0.431,647,-0.511128
SPY49_RS02330,1,0.0,53.03,0.404,330,-0.294848
SPY49_RS02335,1,0.035314023085984816,53.91,0.385,272,0.965073
SPY49_RS02340,1,0.07096531459528084,52.65,0.388,261,0.775096
SPY49_RS02345,1,0.0,28.91,0.388,49,0.040816000000000005
SPY49_RS02350,1,0.0,53.82,0.449,382,0.088482
SPY49_RS02355,1,0.0706997184469572,51.46,0.374,415,-0.026265
SPY49_RS02360,1,0.0,50.44,0.382,344,-0.484884
SPY49_RS02365,1,0.25858787674838674,45.29,0.394,236,-0.316525
SPY49_RS02370,1,0.10685924968156836,49.31,0.377,450,-0.225778
SPY49_RS02375,1,0.0,51.72,0.375,269,-0.30706300000000003
SPY49_RS02380,1,0.32499401932987915,40.21,0.371,230,-0.225652
SPY49_RS02385,1,0.17666283343087505,45.72,0.3670000000000001,1179,-0.624343
SPY49_RS02390,0,0.0,54.85,0.325,283,-0.262191
SPY49_RS09490,1,0.0,,0.261,23,1.613043
SPY49_RS02395,1,0.03543751246385449,39.75,0.277,308,-0.100649
SPY49_RS02400,1,0.0,42.83,0.263,278,-0.050719
SPY49_RS02405,1,0.03529620535761177,43.16,0.34,244,-0.19918
SPY49_RS02410,1,0.0,49.03,0.306,328,-0.15975599999999998
SPY49_RS02415,1,0.0,38.31,0.298,399,-0.302005
SPY49_RS02420,1,0.0,43.18,0.287,298,-0.084228
SPY49_RS02425,1,0.0,44.92,0.285,329,-0.206687
SPY49_RS02430,1,0.0,41.84,0.269,88,-0.167046
SPY49_RS02435,1,0.07052470530422247,44.86,0.308,385,-0.13974
SPY49_RS02445,0,0.10604671913597333,43.93,0.304,69,-0.015941999999999998
SPY49_RS02450,0,0.03513394018528882,53.23,0.368,552,-0.487862
SPY49_RS02455,0,0.035271450242243506,45.16,0.338,74,-0.15
SPY49_RS09495,1,0.0,61.0,0.477,58,-0.367242
SPY49_RS02465,1,0.035314023085984816,46.15,0.38,100,-0.297
SPY49_RS02470,1,0.035415609878353266,45.12,0.399,101,0.00297
SPY49_RS02475,1,0.0,61.0,0.444,150,-0.130667
SPY49_RS02480,1,0.0,55.48,0.441,102,-0.248039
SPY49_RS02485,1,0.035371735871658996,34.7,0.293,107,-0.414019
SPY49_RS02490,1,0.0,43.72,0.327,225,-0.176445
SPY49_RS02495,1,0.035434563600406685,36.52,0.3,415,-0.204337
SPY49_RS02500,1,0.0,42.75,0.325,339,-0.20295
SPY49_RS02505,1,0.0,39.61,0.278,341,-0.019941
SPY49_RS09135,0,0.0,45.48,0.355,375,-0.7368
SPY49_RS02520,1,0.0,55.43,0.401,265,0.00717
SPY49_RS02525,1,0.0,46.6,0.4320000000000001,274,0.022263
SPY49_RS02530,1,0.9292939861573498,48.63,0.44,516,-0.519574
SPY49_RS02535,0,0.07061885441350932,54.89,0.391,455,0.836044
SPY49_RS02540,1,0.0,46.81,0.35700000000000004,280,-0.204286
SPY49_RS02545,1,0.0,48.15,0.434,620,0.600645
SPY49_RS02550,1,0.03529620535761177,50.37,0.418,474,-0.307806
SPY49_RS02555,0,0.0,48.36,0.405,271,-0.06642100000000001
SPY49_RS02560,0,0.035457990038255144,44.99,0.406,300,1.067
SPY49_RS02570,1,0.03540351308934544,50.99,0.4320000000000001,710,-0.202535
SPY49_RS02575,1,0.03540351308934544,50.08,0.409,145,-0.88069
SPY49_RS02580,1,0.07079511230798878,36.07,0.43,90,-0.07222200000000001
SPY49_RS02585,1,0.2888572255994823,45.13,0.402,310,-0.148065
SPY49_RS02590,1,0.6709473841575166,47.34,0.368,259,0.621235
SPY49_RS02595,1,0.0,39.57,0.331,135,0.396296
SPY49_RS02600,1,0.035402550672666684,42.16,0.35700000000000004,142,-0.778169
SPY49_RS02610,1,0.035173823062749215,44.56,0.394,308,-0.146429
SPY49_RS02615,1,0.0,45.78,0.448,428,-0.30257
SPY49_RS02620,1,0.03540879263116856,55.2,0.404,75,-0.9159999999999999
SPY49_RS02630,0,0.8238745140382682,40.95,0.418,497,-0.408853
SPY49_RS02635,1,0.03529620535761177,49.63,0.393,300,-0.355
SPY49_RS02640,0,0.0,53.96,0.399,207,-0.166667
SPY49_RS02645,0,0.0,43.83,0.373,159,-0.322642
SPY49_RS02650,0,0.0,52.25,0.401,187,0.8893049999999999
SPY49_RS02655,0,0.03540351308934544,46.36,0.366,282,-0.406383
SPY49_RS02660,1,0.0,54.38,0.415,167,1.247306
SPY49_RS02665,1,0.0,44.34,0.37,128,-0.414844
SPY49_RS02670,0,0.0,43.28,0.388,159,-0.4295600000000001
SPY49_RS02675,0,0.0,48.14,0.417,599,-0.399332
SPY49_RS02680,1,0.0706997184469572,50.29,0.393,920,-0.294022
SPY49_RS02690,1,0.5053416454517285,28.12,0.436,398,-0.323367
SPY49_RS02695,1,0.6820644176867101,33.9,0.423,250,0.0408
SPY49_RS02700,0,0.10665637257719418,48.55,0.363,411,-0.526034
SPY49_RS02705,0,0.11679688975286615,51.54,0.395,408,-0.391176
SPY49_RS02710,0,0.03513394018528882,54.29,0.411,269,-0.15947999999999998
SPY49_RS02720,0,0.07025691229276951,49.05,0.414,433,-0.323787
SPY49_RS02725,1,0.0,51.33,0.388,128,-0.455469
SPY49_RS02730,1,0.18269643629355034,42.23,0.42,893,0.141322
SPY49_RS02735,0,0.0,47.05,0.358,331,-0.358912
SPY49_RS02740,0,0.0,50.72,0.408,635,-0.24378
SPY49_RS02745,0,0.03540351308934544,51.44,0.397,273,0.438095
SPY49_RS02750,0,0.0,49.19,0.435,260,0.827692
SPY49_RS02755,0,0.0,56.5,0.414,162,0.068518
SPY49_RS02760,0,0.0,48.85,0.4320000000000001,399,-0.509775
SPY49_RS02765,0,0.07051128595058026,43.35,0.423,145,0.377931
SPY49_RS02770,1,0.0,47.69,0.414,264,0.107576
SPY49_RS02775,1,0.0,50.5,0.416,213,0.002347
SPY49_RS02780,1,0.0,55.2,0.436,333,-0.14264200000000002
SPY49_RS02785,1,0.0,51.08,0.415,211,0.270142
SPY49_RS02790,1,0.03529620535761177,51.21,0.37,216,-0.340278
SPY49_RS02795,1,0.0,44.45,0.369,374,-0.28877
SPY49_RS02805,1,0.18058582515204305,48.27,0.412,230,-0.31
SPY49_RS02810,1,0.21608577981301624,48.8,0.36,309,0.120388
SPY49_RS02820,1,0.0,38.25,0.398,254,-0.056692999999999986
SPY49_RS02825,1,0.07077524896100444,51.08,0.382,833,-0.211404
SPY49_RS02830,1,0.14098131437094127,52.29,0.423,397,0.0017629999999999996
SPY49_RS02835,1,0.32492368872056177,36.79,0.382,448,-0.352455
SPY49_RS02840,1,0.07057733615209465,45.56,0.418,296,-0.28817600000000004
SPY49_RS02845,1,0.07113648116789953,52.08,0.421,325,-0.011385
SPY49_RS02850,1,0.035227482338748985,50.73,0.397,303,-0.15148499999999998
SPY49_RS02855,1,0.07046684047222049,48.03,0.426,465,-0.496774
SPY49_RS02860,1,0.03540351308934544,42.62,0.388,515,-0.652816
SPY49_RS02865,1,0.0,52.66,0.378,240,-0.35375
SPY49_RS02870,1,0.07049893258099248,50.53,0.428,399,-0.073935
SPY49_RS02875,0,0.4657341490644992,37.97,0.415,86,-0.8418610000000001
SPY49_RS02880,0,0.17622498576502033,53.19,0.419,313,-0.176358
SPY49_RS02885,1,0.1478609768065335,38.77,0.403,149,-0.12818800000000002
SPY49_RS02890,1,0.03529620535761177,44.19,0.397,94,-0.404255
SPY49_RS02895,1,0.0,49.56,0.421,420,0.825
SPY49_RS02900,1,0.6469660530701182,36.69,0.449,115,-0.451304
SPY49_RS02910,1,0.10577259986601008,50.92,0.383,189,-0.120106
SPY49_RS02915,1,0.8940195426675166,45.43,0.399,650,-0.356615
SPY49_RS02920,1,0.11277182071603213,43.94,0.371,574,-0.394251
SPY49_RS02925,0,0.035314023085984816,43.94,0.34600000000000003,152,-0.525658
SPY49_RS02930,1,0.576207852770447,31.08,0.418,435,-0.226437
SPY49_RS02940,0,0.035227482338748985,57.12,0.383,513,-0.044249
SPY49_RS02945,1,0.0350830892300203,36.53,0.383,860,-0.7481399999999999
SPY49_RS02950,1,0.0,26.62,0.403,53,0.245283
SPY49_RS02955,1,0.0,45.88,0.341,316,-0.359177
SPY49_RS02960,1,0.0,45.0,0.354,352,-0.078125
SPY49_RS02965,1,0.0,45.53,0.366,452,-0.125442
SPY49_RS02970,1,0.0,42.47,0.336,223,0.862332
SPY49_RS02975,1,0.0,47.78,0.35700000000000004,227,1.255947
SPY49_RS02980,1,0.0,47.07,0.358,307,-0.104886
SPY49_RS02985,1,0.10595249593407093,47.24,0.324,375,0.377333
SPY49_RS02990,1,0.0350830892300203,50.53,0.328,372,0.364247
SPY49_RS02995,1,0.0,45.85,0.38,910,-0.334286
SPY49_RS03000,1,0.0,47.44,0.329,166,0.951205
SPY49_RS03005,1,0.8942171688957868,50.3,0.407,652,-0.247546
SPY49_RS03010,1,0.1068055904055686,46.07,0.378,340,-0.10558800000000003
SPY49_RS03015,1,0.3631808992303896,30.73,0.39,65,1.233846
SPY49_RS03020,1,0.5750696485511927,53.76,0.385,238,0.586555
SPY49_RS03025,1,0.25111763045487423,49.98,0.386,164,-0.109756
SPY49_RS03030,1,0.4338070294437049,38.96,0.343,178,0.05
SPY49_RS03035,1,0.6452863778200262,40.13,0.422,502,-0.056773
SPY49_RS03040,1,0.6452607821254082,45.66,0.379,291,-0.107904
SPY49_RS03045,1,0.6805813627755053,40.38,0.4270000000000001,468,-0.108333
SPY49_RS03050,1,0.257490452494518,49.09,0.423,138,-0.454348
SPY49_RS03055,1,0.0,46.2,0.369,74,0.802702
SPY49_RS03060,1,0.6368581967854401,42.03,0.411,423,0.061229
SPY49_RS03065,1,0.0,48.13,0.339,62,0.751613
SPY49_RS03075,1,0.9294380403068492,45.31,0.418,347,-0.410663
SPY49_RS03080,1,0.8941661545351188,40.55,0.421,801,-0.032458999999999995
SPY49_RS03085,1,0.0,46.28,0.403,125,-0.0256
SPY49_RS03090,1,0.0,48.71,0.388,128,-0.653906
SPY49_RS03095,1,0.0,47.98,0.366,358,0.512011
SPY49_RS03100,1,0.0,52.56,0.413,222,-0.343243
SPY49_RS03105,0,0.0,50.34,0.445,305,-0.5193439999999999
SPY49_RS03110,1,0.07440314322233353,48.76,0.35100000000000003,1071,-0.355742
SPY49_RS03115,1,0.035415609878353266,49.52,0.364,1222,-0.313175
SPY49_RS03125,1,0.2902947864945402,32.5,0.374,58,-1.42069
SPY49_RS03130,0,0.0,43.2,0.35600000000000004,120,0.566667
SPY49_RS03135,1,0.7174302848128263,50.69,0.383,604,-0.389238
SPY49_RS03140,1,0.8940521612565026,40.62,0.388,369,-0.504336
SPY49_RS03145,1,0.2467953024338476,61.0,0.405,112,-0.028572000000000007
SPY49_RS03150,1,0.1830464611288037,40.2,0.405,284,-0.378169
SPY49_RS03155,1,0.04184845567572408,51.16,0.391,384,-0.348177
SPY49_RS03160,1,0.112689481228924,47.74,0.376,310,-0.283548
SPY49_RS03165,1,0.1068055904055686,51.6,0.342,267,0.979775
SPY49_RS03170,1,0.10685924968156836,42.98,0.34700000000000003,406,-0.276108
SPY49_RS03175,1,0.10551323477292088,46.86,0.327,335,-0.5477609999999999
SPY49_RS03180,1,0.0,45.37,0.316,581,-0.285887
SPY49_RS03185,1,0.07047002842036099,42.9,0.319,824,0.162985
SPY49_RS03190,1,0.18318826501963384,48.39,0.358,231,0.053247
SPY49_RS03195,1,0.04184845567572408,39.04,0.274,113,0.828319
SPY49_RS03200,1,0.1413928312332495,41.18,0.301,428,0.791589
SPY49_RS03205,1,0.0,43.93,0.3,498,0.68755
SPY49_RS03210,1,0.07083807668975214,49.22,0.389,407,-0.245454
SPY49_RS03215,1,0.035252777487113716,53.46,0.329,162,0.32716
SPY49_RS09160,0,0.0,41.99,0.379,65,0.116923
SPY49_RS03220,1,0.0,49.72,0.39,158,-0.31519
SPY49_RS03225,1,0.7846234974015821,49.13,0.403,226,-0.228761
SPY49_RS03230,1,0.8943859981896699,40.9,0.379,176,-0.432386
SPY49_RS03235,1,0.7139726078697572,32.55,0.431,65,-1.049231
SPY49_RS03240,1,0.7884861762469192,37.03,0.417,119,-0.431093
SPY49_RS03245,0,0.07124378889963319,45.93,0.35100000000000003,736,-0.195109
SPY49_RS03250,1,0.03540351308934544,52.63,0.375,387,-0.231525
SPY49_RS03255,1,0.0,51.32,0.376,228,-0.120614
SPY49_RS03260,1,0.4235942151434992,45.92,0.418,388,-0.209536
SPY49_RS03265,1,0.0,47.71,0.398,113,-0.387611
SPY49_RS03270,1,0.10603017751633688,49.7,0.435,450,-0.046
SPY49_RS03275,0,0.4239983175530969,52.61,0.406,422,-0.098578
SPY49_RS03280,0,0.0,41.53,0.418,146,-0.775342
SPY49_RS03285,1,0.03532058065009717,51.48,0.418,380,0.065
SPY49_RS03290,1,0.0702170294153091,47.64,0.42,404,-0.094307
SPY49_RS03300,1,0.6786362878832828,27.43,0.394,104,-0.260577
SPY49_RS03305,1,0.07092336504030806,43.97,0.38,108,0.239815
SPY49_RS03310,1,0.7173714796954808,29.83,0.433,97,-0.598969
SPY49_RS03315,1,0.11269834204034472,45.75,0.35600000000000004,304,-0.210855
SPY49_RS03320,1,0.565168269629564,50.93,0.362,152,0.8802629999999999
SPY49_RS03325,1,0.24684208267096985,47.01,0.416,296,-0.2875
SPY49_RS03330,1,0.0,48.99,0.4320000000000001,173,-0.152023
SPY49_RS03335,1,0.0,47.01,0.387,419,1.003341
SPY49_RS03340,1,0.17641882683479576,48.0,0.395,311,-0.1791
SPY49_RS03345,1,0.28231978625570964,49.07,0.401,360,-0.238611
SPY49_RS03350,1,0.2822782679942949,45.98,0.381,1058,-0.07599199999999999
SPY49_RS03355,1,0.03529498495547917,45.57,0.362,423,-0.441844
SPY49_RS03360,1,0.10580481849084362,43.52,0.35200000000000004,236,-0.161441
SPY49_RS03365,1,0.0,44.53,0.35600000000000004,406,0.210098
SPY49_RS03370,1,0.0,43.78,0.315,577,0.30953200000000003
SPY49_RS03375,1,0.6473439964975286,40.65,0.393,90,-0.55
SPY49_RS03380,1,0.0771624787617089,44.24,0.354,79,0.031645
SPY49_RS03385,1,0.035434563600406685,45.68,0.358,1008,-0.454167
SPY49_RS03390,1,0.14150996878332622,38.78,0.366,133,-0.541353
SPY49_RS03395,0,0.0,47.71,0.339,291,0.527148
SPY49_RS03400,1,0.0,50.88,0.299,173,-0.382659
SPY49_RS03405,1,0.5725555680938388,43.08,0.388,172,-0.433721
SPY49_RS03410,1,0.6402697068951442,55.09,0.402,243,-0.471193
SPY49_RS03415,1,0.07763994720825569,40.25,0.371,330,-0.02
SPY49_RS03420,1,0.0,45.38,0.399,352,1.031818
SPY49_RS03425,1,0.035415609878353266,42.0,0.401,307,-0.074919
SPY49_RS03430,1,0.0,42.31,0.37,237,-0.07637100000000001
SPY49_RS03435,1,0.07048025982586269,45.32,0.402,303,-0.046535
SPY49_RS03440,1,0.03529620535761177,41.05,0.416,648,0.537809
SPY49_RS03445,1,0.0,51.37,0.3720000000000001,199,-0.408543
SPY49_RS03450,1,0.03529498495547917,43.08,0.384,235,-0.268936
SPY49_RS09175,0,0.0,39.56,0.278,121,-0.740496
SPY49_RS03465,0,0.0,46.45,0.382,339,-0.452507
SPY49_RS03475,1,0.0,38.91,0.354,126,-0.331746
SPY49_RS03480,1,0.10544451175405807,46.39,0.371,282,-0.090425
SPY49_RS03490,1,0.035173823062749215,51.51,0.392,625,-0.3544
SPY49_RS09180,1,0.0,45.09,0.325,79,0.055696
SPY49_RS03495,1,0.1061175816663413,40.73,0.355,136,-0.177206
SPY49_RS03500,0,0.03540351308934544,44.98,0.355,670,-0.280298
SPY49_RS03505,1,0.0,49.75,0.35,216,-0.32222199999999995
SPY49_RS03510,1,0.0,43.35,0.34700000000000003,222,-0.083333
SPY49_RS03515,1,0.0,47.01,0.35,410,-0.053659000000000005
SPY49_RS03520,1,0.15223145335327287,48.12,0.428,292,0.181164
SPY49_RS03525,1,0.1518799789828865,48.1,0.404,314,-0.264013
SPY49_RS03530,1,0.11679688975286615,54.68,0.43,337,0.008605
SPY49_RS03535,1,0.0749484340771421,53.01,0.425,329,-0.14285699999999998
SPY49_RS03540,0,0.15225487979112132,46.54,0.4,425,-0.012235
SPY49_RS03545,0,0.11679688975286615,48.83,0.379,391,-0.139898
SPY49_RS03550,1,0.7526827525637382,41.81,0.35,279,-0.413262
SPY49_RS03555,1,0.7528426677720687,47.71,0.37,165,-0.453939
SPY49_RS09185,1,0.035371735871658996,44.68,0.374,66,0.698485
SPY49_RS03560,1,0.2115484734272176,42.56,0.385,409,-0.153301
SPY49_RS03565,1,0.8235083307834096,43.77,0.387,199,-0.37588
SPY49_RS03570,1,0.10568536974452486,44.22,0.341,247,-0.126721
SPY49_RS03575,0,0.03540351308934544,44.72,0.387,699,-0.390844
SPY49_RS03580,1,0.4600583054368359,46.45,0.43,227,0.092951
SPY49_RS03585,1,0.07043116315076231,43.36,0.422,403,-0.252605
SPY49_RS03590,1,0.07075419539586693,51.37,0.425,146,-0.14862999999999998
SPY49_RS03595,1,0.07084102555319992,38.59,0.414,269,0.090706
SPY49_RS03600,1,0.0702170294153091,44.47,0.429,237,-0.005907
SPY49_RS03605,1,0.0,47.41,0.396,262,-0.195038
SPY49_RS03610,0,0.0,55.99,0.399,301,-0.181395
SPY49_RS03615,1,0.03532058065009717,46.97,0.365,178,0.014044999999999998
SPY49_RS03620,1,0.1767029938103017,44.64,0.412,230,-0.135652
SPY49_RS03625,1,0.1765187869356738,46.21,0.397,209,-0.014354
SPY49_RS03630,1,0.0,50.68,0.423,484,-0.228926
SPY49_RS03635,1,0.0,44.54,0.375,287,-0.52892
SPY49_RS03640,1,0.0,51.45,0.384,216,0.8601850000000001
SPY49_RS03645,1,0.14092678106694684,53.53,0.422,217,-0.229493
SPY49_RS03650,1,0.14134496387292456,47.09,0.412,422,-0.000474
SPY49_RS03655,0,0.5051351645873475,48.85,0.335,213,0.961502
SPY49_RS03660,1,0.2580328930394559,48.71,0.416,649,-0.447458
SPY49_RS03665,1,0.18095695502498285,51.77,0.404,819,-0.381441
SPY49_RS03670,1,0.14112262147718396,43.29,0.404,355,-0.13859200000000002
SPY49_RS03675,1,0.07069849804482461,61.0,0.316,76,-0.421053
SPY49_RS03690,1,0.5403710311712371,34.57,0.412,401,-0.279052
SPY49_RS03700,0,0.0,46.51,0.343,100,-0.32799999999999996
SPY49_RS03705,1,0.07057733615209465,41.93,0.381,328,-0.671341
SPY49_RS09190,1,0.0,49.3,0.423,63,-0.8492059999999999
SPY49_RS03715,1,0.03533712226973363,52.75,0.395,302,0.950993
SPY49_RS09195,0,0.0,36.87,0.425,58,-0.106897
SPY49_RS03720,1,0.3179649015592601,55.26,0.4270000000000001,299,-0.392977
SPY49_RS03725,1,0.0,46.03,0.398,412,-0.333495
SPY49_RS03730,1,0.0,53.77,0.382,211,-0.397156
SPY49_RS03735,1,0.1878845866430096,50.19,0.408,309,-0.248544
SPY49_RS03745,1,0.07048025982586269,50.66,0.421,736,-0.178804
SPY49_RS03750,1,0.21158758048349566,41.6,0.391,172,0.1
SPY49_RS03755,1,0.1525883812853978,48.74,0.358,227,-0.402203
SPY49_RS03760,1,0.03540351308934544,50.3,0.398,218,-0.219266
SPY49_RS03765,1,0.07124378889963319,43.92,0.418,228,-0.12543900000000002
SPY49_RS03770,1,0.03529498495547917,54.61,0.408,262,-0.140458
SPY49_RS03775,1,0.0706997184469572,44.99,0.401,374,-0.208289
SPY49_RS03780,1,0.14763085125045045,49.0,0.422,289,-0.208304
SPY49_RS03785,1,0.1476723695118651,38.81,0.401,197,-0.384772
SPY49_RS03790,1,0.18278033130008256,35.56,0.403,346,-0.513295
SPY49_RS03795,0,0.0,53.76,0.389,379,-0.599208
SPY49_RS03800,0,0.0,49.22,0.35200000000000004,88,-0.365909
SPY49_RS03805,0,0.035271450242243506,46.31,0.315,128,-0.807031
SPY49_RS03810,0,0.11255581453196943,58.75,0.362,116,-0.575862
SPY49_RS03815,0,0.0,49.32,0.35,262,-0.316794
SPY49_RS03820,1,0.07075521300372864,44.6,0.407,63,-0.177778
SPY49_RS03825,1,0.0,51.85,0.405,103,-0.687379
SPY49_RS03830,1,0.0,54.55,0.373,67,-0.471642
SPY49_RS03835,1,0.03541237390076618,50.97,0.35200000000000004,128,-0.717188
SPY49_RS03840,1,0.03540351308934544,46.15,0.403,67,-0.407463
SPY49_RS03845,1,0.03532058065009717,59.6,0.407,99,-0.39697
SPY49_RS03850,1,0.0,54.64,0.422,385,-0.328312
SPY49_RS03855,1,0.0,45.55,0.431,187,-0.603208
SPY49_RS03860,1,0.0,52.7,0.445,640,-0.355312
SPY49_RS03865,1,0.035415609878353266,54.04,0.431,794,-0.548867
SPY49_RS03870,1,0.07707593801447306,52.87,0.412,97,-0.465979
SPY49_RS03875,1,0.0,55.81,0.409,440,-0.394091
SPY49_RS03880,1,0.0,54.27,0.385,90,-0.272222
SPY49_RS03885,1,0.0,53.63,0.3670000000000001,138,-0.435507
SPY49_RS03890,1,0.0,59.73,0.433,150,-0.47200000000000003
SPY49_RS03895,1,0.03540351308934544,52.39,0.362,425,-0.5237649999999999
SPY49_RS03900,1,0.0,51.97,0.373,510,-0.6754899999999999
SPY49_RS03905,1,0.0,44.82,0.35700000000000004,482,-0.693154
SPY49_RS03910,1,0.0,49.36,0.349,62,1.101613
SPY49_RS03920,1,0.03513394018528882,44.91,0.42,189,-0.874603
SPY49_RS03925,1,0.0,43.99,0.4,295,-0.094237
SPY49_RS03930,1,0.0,53.56,0.376,118,-0.411864
SPY49_RS03935,1,0.07084102555319992,61.0,0.359,92,-0.438043
SPY49_RS03940,1,0.0,48.89,0.412,114,-0.374562
SPY49_RS03945,1,0.0,47.18,0.342,119,0.02437
SPY49_RS03950,1,0.0,51.86,0.399,199,-0.526633
SPY49_RS03960,1,0.0,40.94,0.377,77,-0.98961
SPY49_RS03965,1,0.0,54.17,0.4320000000000001,1460,0.282466
SPY49_RS03970,1,0.0,48.61,0.381,280,-0.308929
SPY49_RS03975,1,0.07075419539586693,53.56,0.399,659,-0.535812
SPY49_RS09205,1,0.0,53.62,0.423,747,-0.440696
SPY49_RS03985,1,0.035314023085984816,55.69,0.43,203,-0.375862
SPY49_RS03990,1,0.0,46.73,0.364,151,0.5284770000000001
SPY49_RS04000,1,0.0,49.35,0.456,250,-0.0284
SPY49_RS04005,1,0.0,41.4,0.35100000000000003,95,-0.495789
SPY49_RS04010,1,0.0,52.25,0.301,236,-0.548305
SPY49_RS04015,1,0.0,43.98,0.395,158,-0.542405
SPY49_RS04020,1,0.07071753617533026,52.06,0.386,393,0.827735
SPY49_RS04025,1,0.03541237390076618,48.59,0.396,415,-0.268916
SPY49_RS04030,0,0.035314023085984816,48.72,0.401,550,-0.525091
SPY49_RS04035,1,0.0,47.9,0.384,332,0.012349
SPY49_RS04040,1,0.0,47.94,0.3670000000000001,289,0.947751
SPY49_RS04045,1,0.0,51.52,0.38,252,-0.17619
SPY49_RS04050,1,0.11310110538677802,46.69,0.388,553,-0.088788
SPY49_RS04055,1,0.03540351308934544,49.09,0.413,261,-0.406897
SPY49_RS04060,1,0.0,52.55,0.35200000000000004,108,0.369445
SPY49_RS04065,1,0.0,50.46,0.411,635,-0.4481890000000001
SPY49_RS04070,1,0.28245157402464194,36.03,0.415,322,-0.391925
SPY49_RS04075,1,0.4591823268417253,37.76,0.423,332,0.032831
SPY49_RS04080,1,0.4584242069227347,37.49,0.429,469,-0.0059700000000000005
SPY49_RS04090,1,0.4235828055244713,35.45,0.417,587,-0.031687
SPY49_RS04095,0,0.0,43.4,0.35700000000000004,805,-0.5819880000000001
SPY49_RS04100,1,0.1056692861935357,43.97,0.371,329,-0.306383
SPY49_RS04105,0,0.1872669181732272,48.81,0.369,263,-0.437262
SPY49_RS04110,0,0.11679688975286615,46.72,0.38,447,-0.064877
SPY49_RS04115,1,0.2540302289210669,50.33,0.3720000000000001,283,0.4537100000000001
SPY49_RS04120,1,0.0,46.48,0.365,318,-0.132705
SPY49_RS04125,1,0.6822058091242535,43.49,0.424,451,-0.081375
SPY49_RS04130,1,0.0,53.7,0.397,213,-0.159624
SPY49_RS04135,1,0.0352972229654735,52.54,0.384,376,-0.298404
SPY49_RS04140,1,0.0,50.18,0.36,250,-0.2672
SPY49_RS04145,1,0.0,53.7,0.434,254,0.035827
SPY49_RS04150,1,0.0,53.01,0.378,210,0.645714
SPY49_RS04155,1,0.0350830892300203,46.26,0.353,1368,-0.58962
SPY49_RS04160,1,0.0,53.35,0.355,289,-0.209342
SPY49_RS04165,1,0.0,50.97,0.348,113,-0.424779
SPY49_RS04170,1,0.0,50.7,0.302,220,0.140454
SPY49_RS04185,1,0.10620919833399482,49.52,0.4370000000000001,610,-0.177049
SPY49_RS04195,1,0.1056545418791636,43.67,0.428,145,-0.547586
SPY49_RS04200,1,0.07071753617533026,55.04,0.41,339,0.8587020000000001
SPY49_RS04205,1,0.0,49.05,0.395,141,0.146099
SPY49_RS04210,1,0.0,40.8,0.413,163,0.026994
SPY49_RS04220,1,0.0,50.44,0.398,279,0.452688
SPY49_RS04225,1,0.0,49.57,0.35600000000000004,549,-0.204007
SPY49_RS04230,1,0.0,47.39,0.35100000000000003,262,-0.28702300000000003
SPY49_RS04235,1,0.07083807668975214,43.16,0.35700000000000004,348,-0.166954
SPY49_RS04240,1,0.035173823062749215,45.15,0.412,465,-0.255914
SPY49_RS04245,1,0.07025691229276951,49.82,0.373,598,-0.43796
SPY49_RS04250,1,0.0706113355266037,45.04,0.395,200,-0.177
SPY49_RS04255,1,0.03521406298510677,41.94,0.43,469,-0.291045
SPY49_RS04260,0,0.2472863880827028,50.21,0.426,458,-0.080131
SPY49_RS04270,1,0.858807098242329,30.68,0.412,166,0.118675
SPY49_RS04285,0,0.0,49.48,0.364,320,-0.467813
SPY49_RS04290,1,0.18373615446536945,47.19,0.403,425,-0.008235
SPY49_RS04295,1,0.5757197644191031,44.85,0.405,194,-0.343815
SPY49_RS04300,1,0.5761766853605522,52.07,0.442,266,0.025564
SPY49_RS04305,1,0.5019080834632573,54.0,0.409,119,0.016807
SPY49_RS04310,1,0.5407082475384744,46.08,0.4,166,-0.175903
SPY49_RS04315,1,0.7885456120304644,53.08,0.416,295,-0.089491
SPY49_RS04320,1,0.07037929458763206,42.34,0.388,384,-0.322656
SPY49_RS04325,1,0.10553105250129394,58.78,0.404,264,0.7265149999999999
SPY49_RS04330,1,0.10539085247805834,57.98,0.375,258,0.674806
SPY49_RS04335,1,0.14109561036082974,46.03,0.373,357,-0.344538
SPY49_RS04340,0,0.0,49.4,0.371,221,-0.209502
SPY49_RS04345,0,0.0,52.84,0.389,513,-0.066862
SPY49_RS04350,1,0.0,54.04,0.421,443,0.811287
SPY49_RS04355,1,0.07065629057645914,45.9,0.424,388,0.229897
SPY49_RS04360,0,0.0,47.69,0.389,349,0.16103199999999998
SPY49_RS04365,1,0.03529620535761177,45.85,0.358,243,-0.441152
SPY49_RS04370,1,0.03540351308934544,46.45,0.3670000000000001,510,0.8245100000000001
SPY49_RS04375,1,0.0,41.83,0.32,204,0.055882000000000015
SPY49_RS04380,1,0.0,49.68,0.329,369,0.8368559999999999
SPY49_RS04385,1,0.035415609878353266,43.88,0.32299999999999995,226,-0.13584100000000002
SPY49_RS04390,0,0.0,49.61,0.39,231,-0.095238
SPY49_RS04395,0,0.035415609878353266,46.99,0.389,214,-0.074766
SPY49_RS04400,0,0.0,41.98,0.293,115,-0.254783
SPY49_RS04405,0,0.5344297958790982,48.83,0.4,375,-0.122133
SPY49_RS04410,0,0.03513394018528882,40.77,0.38,326,-0.063804
SPY49_RS04415,0,0.0,50.12,0.328,192,-0.371354
SPY49_RS04420,1,0.0,45.03,0.362,223,-0.496413
SPY49_RS04425,1,0.6823989462105469,52.05,0.374,278,-0.241367
SPY49_RS04430,1,0.0,48.68,0.378,301,-0.209635
SPY49_RS04435,1,0.17684465097560914,40.2,0.385,331,-0.087915
SPY49_RS04440,1,0.0,49.75,0.428,251,0.008765
SPY49_RS04445,0,0.035314023085984816,52.7,0.381,229,-0.124891
SPY49_RS04450,1,0.0,46.87,0.387,242,-0.121901
SPY49_RS04455,1,0.0,52.19,0.394,508,0.209449
SPY49_RS04460,1,0.03529498495547917,45.84,0.399,327,-0.197554
SPY49_RS04465,1,0.0,50.01,0.387,193,0.154404
SPY49_RS04470,1,0.0,44.03,0.404,427,0.7526930000000001
SPY49_RS04475,0,0.07061885441350932,45.15,0.375,312,-0.085898
SPY49_RS04480,0,0.1064699486737478,34.3,0.3720000000000001,61,-0.726229
SPY49_RS04485,1,0.07042021149975393,43.68,0.354,189,-0.231746
SPY49_RS04490,1,0.8589550300851531,35.72,0.374,359,-0.647075
SPY49_RS04495,1,0.28190454419985456,48.05,0.358,279,-0.193907
SPY49_RS04500,1,0.6430257284742801,43.27,0.381,196,-0.004082
SPY49_RS04505,1,0.07058579885676577,46.66,0.409,150,-0.43
SPY49_RS04510,1,0.4945414644921505,42.07,0.425,418,-0.009809
SPY49_RS04515,1,0.0,49.93,0.35200000000000004,325,-0.421846
SPY49_RS04520,1,0.0,52.86,0.392,199,-0.009045
SPY49_RS04525,1,0.0,48.1,0.394,574,0.267073
SPY49_RS04530,1,0.14118264763303046,48.07,0.382,571,0.293345
SPY49_RS04535,1,0.0702170294153091,39.0,0.404,456,-0.020175
SPY49_RS04540,0,0.21183257132964287,34.28,0.41,327,0.01896
SPY49_RS04545,1,0.7877743445804316,43.71,0.402,828,-0.363406
SPY49_RS04550,1,0.0,51.94,0.35600000000000004,249,-0.151406
SPY49_RS04555,1,0.07074063535907907,46.27,0.36,137,-0.462044
SPY49_RS04565,0,0.07078734575001228,51.7,0.383,303,-0.089769
SPY49_RS04575,0,0.03541237390076618,53.27,0.3720000000000001,146,-0.168493
SPY49_RS04580,1,0.32897197999734,47.35,0.382,282,-0.407801
SPY49_RS04585,1,0.07086150312760058,57.14,0.416,263,-0.130799
SPY49_RS04590,1,0.03529498495547917,54.85,0.396,278,-0.168705
SPY49_RS04595,1,0.5694122844181321,43.48,0.382,709,-0.5750350000000001
SPY49_RS04610,1,0.03540351308934544,43.77,0.392,330,-0.051212
SPY49_RS04615,1,0.04184845567572408,43.88,0.371,221,-0.257919
SPY49_RS04620,1,0.0,52.57,0.385,238,0.7878149999999999
SPY49_RS04625,1,0.0,51.21,0.444,448,-0.277009
SPY49_RS04630,1,0.07048025982586269,53.09,0.422,468,-0.108333
SPY49_RS04635,1,0.0,44.49,0.381,104,0.210577
SPY49_RS04640,1,0.0,51.95,0.425,116,0.049138
SPY49_RS04645,1,0.0,53.03,0.434,376,0.8609040000000001
SPY49_RS04650,0,0.03529620535761177,51.5,0.406,294,0.053061
SPY49_RS04655,0,0.03521534132416388,44.58,0.359,231,-0.261905
SPY49_RS04660,0,0.0,41.4,0.408,467,0.8687370000000001
SPY49_RS04665,1,0.0,56.67,0.386,107,-0.519626
SPY49_RS04675,1,0.03529620535761177,51.92,0.421,373,0.945308
SPY49_RS04685,1,0.035457990038255144,48.28,0.422,102,-0.136275
SPY49_RS04690,1,0.03540351308934544,44.32,0.423,295,-0.044068
SPY49_RS04695,1,0.0706997184469572,43.55,0.4270000000000001,510,-0.039608
SPY49_RS04700,1,0.0,52.87,0.418,192,-0.221875
SPY49_RS04705,1,0.03540351308934544,52.2,0.43,464,-0.194397
SPY49_RS04710,0,0.0,51.86,0.386,350,-0.11800000000000001
SPY49_RS04720,0,0.035314023085984816,46.77,0.382,356,-0.5213479999999999
SPY49_RS04725,1,0.21217609123621975,48.99,0.326,232,-0.514224
SPY49_RS04730,0,0.7526701294999366,46.99,0.401,520,-0.370577
SPY49_RS04735,0,0.03521406298510677,58.88,0.333,113,-0.466372
SPY49_RS04740,0,0.10583728462588722,48.11,0.389,232,-0.282328
SPY49_RS04750,1,0.4947393065003297,38.88,0.409,520,-0.098077
SPY49_RS04755,0,0.035314023085984816,45.67,0.35200000000000004,403,-0.531017
SPY49_RS04760,0,0.0,45.66,0.368,514,-0.311089
SPY49_RS04765,0,0.0,41.99,0.333,185,0.985946
SPY49_RS04770,0,0.035252777487113716,40.34,0.34,288,0.067361
SPY49_RS04775,1,0.035173823062749215,46.24,0.336,422,-0.298104
SPY49_RS04780,0,0.03529620535761177,42.95,0.363,112,-0.378572
SPY49_RS04785,0,0.070428925140768,46.89,0.338,525,0.106095
SPY49_RS04790,0,0.0,43.85,0.4270000000000001,556,0.093885
SPY49_RS04795,0,0.14143973166411644,47.06,0.384,339,-0.29469
SPY49_RS04800,0,0.0,50.89,0.404,293,-0.461092
SPY49_RS04805,0,0.0,49.53,0.407,270,-0.114444
SPY49_RS04810,0,0.07058943294110248,34.38,0.403,110,-0.043636
SPY49_RS04815,0,0.0,50.96,0.395,332,-0.12259
SPY49_RS04820,0,0.0,43.94,0.407,399,-0.262406
SPY49_RS04825,0,0.035840275810287765,50.2,0.391,283,0.009187
SPY49_RS04830,1,0.0,49.41,0.3670000000000001,230,-0.16913
SPY49_RS04835,1,0.6364976386745489,36.16,0.361,181,0.275691
SPY49_RS04840,1,0.0,44.19,0.335,189,1.22963
SPY49_RS04845,1,0.14774385062625836,40.62,0.381,572,-0.251224
SPY49_RS04850,0,0.0,48.56,0.389,318,0.883648
SPY49_RS04855,0,0.0350830892300203,37.05,0.375,354,0.75113
SPY49_RS04860,0,0.0350830892300203,40.82,0.375,510,-0.104902
SPY49_RS04865,0,0.0,36.32,0.389,350,-0.205714
SPY49_RS04870,0,0.14115865534272765,34.7,0.359,129,0.225581
SPY49_RS04875,0,0.0,44.36,0.337,208,-0.182212
SPY49_RS04880,1,0.2119112767504616,44.4,0.317,306,-0.283987
SPY49_RS04885,1,0.5299689645400932,32.92,0.402,82,-0.604878
SPY49_RS04890,0,0.035173823062749215,42.09,0.317,436,-0.13486199999999998
SPY49_RS04895,0,0.0,50.65,0.32299999999999995,224,-0.065178
SPY49_RS04900,0,0.10578158727484492,42.04,0.368,845,-0.222367
SPY49_RS04905,0,0.2823150661806366,38.12,0.35600000000000004,217,-0.245622
SPY49_RS04910,0,0.0,46.99,0.392,252,-0.277778
SPY49_RS04915,0,0.1162528193001902,48.54,0.393,267,-0.370038
SPY49_RS04920,0,0.18678090537128175,47.19,0.408,295,0.694237
SPY49_RS04925,0,0.11245868411932068,47.93,0.426,311,0.762058
SPY49_RS04930,0,0.1161840962813274,47.76,0.387,288,-0.15625
SPY49_RS04935,0,0.0350830892300203,48.88,0.405,436,-0.320642
SPY49_RS04940,0,0.2823530609336317,45.39,0.391,262,-0.048473
SPY49_RS04945,0,0.03540351308934544,60.0,0.33,92,-0.58913
SPY49_RS04950,0,0.10632687812965352,39.26,0.34600000000000003,134,-0.31567199999999995
SPY49_RS04955,0,0.8582436180402343,43.56,0.343,310,-0.42742
SPY49_RS04960,0,0.0708191229676987,48.88,0.412,307,-0.15146600000000002
SPY49_RS04965,0,0.0350830892300203,52.87,0.389,446,-0.71009
SPY49_RS04970,0,0.0350830892300203,51.73,0.369,318,0.195912
SPY49_RS04975,0,0.03513394018528882,51.55,0.392,198,-0.213131
SPY49_RS04980,0,0.10539085247805834,52.5,0.391,878,0.085649
SPY49_RS04985,0,0.0702170294153091,47.03,0.403,233,0.09485
SPY49_RS04990,1,0.03540351308934544,50.56,0.3720000000000001,180,-0.18
SPY49_RS04995,0,0.0,43.47,0.349,209,-0.12583699999999998
SPY49_RS05000,0,0.0,34.11,0.35,162,-0.088889
SPY49_RS05005,0,0.0,30.87,0.318,66,-0.892424
SPY49_RS05010,0,0.035252777487113716,38.96,0.34600000000000003,179,-0.42905
SPY49_RS05015,0,0.0,61.0,0.32299999999999995,62,1.0838709999999998
SPY49_RS05020,0,0.07084102555319992,43.68,0.337,203,0.296059
SPY49_RS05025,0,0.0,35.45,0.435,82,1.189024
SPY49_RS05030,0,0.2837917743930077,49.85,0.411,772,-0.419171
SPY49_RS05035,1,0.0,48.62,0.43,440,0.881136
SPY49_RS05040,1,0.035314023085984816,48.4,0.366,411,0.14695899999999998
SPY49_RS05045,0,0.0,43.64,0.362,257,-0.179378
SPY49_RS05050,0,0.03513394018528882,46.32,0.333,278,-0.413309
SPY49_RS05055,0,0.0,46.96,0.396,209,-0.076555
SPY49_RS05060,0,0.0,48.11,0.36,213,0.8910799999999999
SPY49_RS05065,0,0.03521406298510677,41.04,0.378,111,-0.212613
SPY49_RS05070,0,0.5409015075532763,43.09,0.413,604,0.005629
SPY49_RS05075,0,0.0,51.25,0.333,185,-0.007026999999999999
SPY49_RS05080,0,0.2928874606778817,35.21,0.404,500,-0.1508
SPY49_RS05085,0,0.25820892379005234,34.37,0.431,337,-0.107122
SPY49_RS05090,0,0.8940218567610625,51.21,0.378,1036,-0.28899600000000003
SPY49_RS05095,1,0.03521406298510677,47.65,0.379,123,-0.4300810000000001
SPY49_RS05100,1,0.0,49.58,0.35200000000000004,232,-0.24353400000000006
SPY49_RS05105,1,0.0,51.37,0.318,261,0.972797
SPY49_RS05110,0,0.035252777487113716,51.79,0.327,201,0.839801
SPY49_RS05115,1,0.0,48.05,0.366,206,-0.400971
SPY49_RS05120,0,0.035173823062749215,40.94,0.378,754,-0.235942
SPY49_RS05125,0,0.07061885441350932,45.65,0.373,497,-0.3
SPY49_RS05130,0,0.0,43.95,0.334,339,-0.065192
SPY49_RS05135,1,0.0,34.97,0.393,415,-0.366747
SPY49_RS05140,1,0.0,51.8,0.371,453,0.6724060000000001
SPY49_RS05145,1,0.03529498495547917,43.08,0.363,278,0.8244600000000001
SPY49_RS05150,1,0.0,53.16,0.407,326,-0.5478529999999999
SPY49_RS05160,0,0.0350830892300203,43.63,0.363,327,-0.22507600000000005
SPY49_RS05165,0,0.07125264971105394,46.45,0.36,416,-0.358173
SPY49_RS05170,0,0.035840275810287765,37.65,0.3670000000000001,79,0.06076
SPY49_RS05175,0,0.035840275810287765,50.87,0.369,418,0.456938
SPY49_RS05180,0,0.10622944019720083,50.56,0.406,512,-0.083789
SPY49_RS05185,0,0.0350830892300203,49.22,0.262,47,0.6723399999999999
SPY49_RS05190,0,0.07048660231936574,48.15,0.392,663,-0.456712
SPY49_RS05195,1,0.0,49.39,0.385,724,0.049309
SPY49_RS05200,1,0.0,44.81,0.417,246,-0.119512
SPY49_RS05205,0,0.0,47.36,0.404,459,0.8122
SPY49_RS05210,0,0.0,61.0,0.383,149,-0.389933
SPY49_RS05215,0,0.035224837423417206,59.97,0.456,111,-0.088288
SPY49_RS05220,0,0.0,52.94,0.398,103,0.163107
SPY49_RS05225,0,0.0350830892300203,51.44,0.382,664,-0.039157
SPY49_RS05230,0,0.0,53.05,0.417,364,-0.107143
SPY49_RS05235,0,0.03529620535761177,50.48,0.408,466,-0.380043
SPY49_RS05240,1,0.07047106245502245,46.5,0.38,231,0.68355
SPY49_RS05250,0,0.6816004463769629,44.4,0.44,437,-0.339588
SPY49_RS09265,0,0.0,54.69,0.413,42,1.147619
SPY49_RS09270,0,0.0,54.69,0.413,42,1.147619
SPY49_RS05270,1,0.0,54.3,0.396,401,-0.747382
SPY49_RS05275,0,0.10590435293607496,42.78,0.424,290,0.084827
SPY49_RS05280,1,0.0,49.62,0.435,435,0.967356
SPY49_RS05285,1,0.0,51.24,0.38,71,-0.692958
SPY49_RS09275,1,0.0,58.61,0.38,64,-0.992188
SPY49_RS05295,1,0.0,43.03,0.395,65,-0.409231
SPY49_RS09280,1,0.0,,0.333,37,-0.840541
SPY49_RS05300,0,0.03540351308934544,54.49,0.4320000000000001,241,-0.282158
SPY49_RS05305,1,0.03529620535761177,61.0,0.436,120,-0.055
SPY49_RS05310,0,0.0,54.56,0.419,391,0.693095
SPY49_RS05315,1,0.0,45.98,0.413,481,-0.306237
SPY49_RS05320,0,0.0712982658485429,53.29,0.411,133,-0.105263
SPY49_RS05330,0,0.0,53.68,0.41,463,-0.19568
SPY49_RS05335,0,0.10671235187454893,46.87,0.382,483,-0.516977
SPY49_RS05340,0,0.3533572398911425,43.09,0.342,163,-0.141104
SPY49_RS05345,0,0.17657937013785713,46.88,0.415,427,-0.04356
SPY49_RS05350,0,0.07051094533248285,50.08,0.344,321,0.636137
SPY49_RS05355,0,0.6822613207559997,45.79,0.423,286,-0.208392
SPY49_RS05360,0,0.07047106245502245,45.42,0.35100000000000003,427,-0.234192
SPY49_RS05365,0,0.035173823062749215,52.74,0.333,180,-0.222222
SPY49_RS05375,0,0.1061244680197459,46.43,0.414,419,0.180668
SPY49_RS05380,0,0.8233533106625954,43.03,0.431,398,-0.179397
SPY49_RS05385,0,0.0,45.7,0.382,792,-0.507576
SPY49_RS09285,0,0.035415609878353266,37.42,0.358,67,0.317911
SPY49_RS05395,0,0.8939744196635041,51.99,0.405,556,-0.276978
SPY49_RS05400,0,0.0,54.18,0.404,165,0.090303
SPY49_RS05405,1,0.0,40.48,0.348,243,0.8263370000000001
SPY49_RS05415,0,0.1057828076769775,42.03,0.369,208,-0.271154
SPY49_RS05420,1,0.0,46.19,0.39,361,-0.220222
SPY49_RS05425,0,0.0,43.94,0.335,424,-0.443396
SPY49_RS05430,0,0.0770222787384733,39.26,0.418,467,0.131477
SPY49_RS05435,0,0.1120654850910332,36.0,0.4320000000000001,577,-0.094974
SPY49_RS05440,0,0.18336375093957608,32.24,0.418,87,0.186207
SPY49_RS05445,1,0.08095661394257841,51.92,0.35200000000000004,72,-0.279167
SPY49_RS05450,1,0.1878845866430096,41.26,0.378,719,-0.329903
SPY49_RS05455,1,0.4703681702154366,42.4,0.363,319,-0.457994
SPY49_RS05460,1,0.0,51.7,0.411,419,0.6885439999999999
SPY49_RS05485,0,0.0,44.56,0.359,231,0.984849
SPY49_RS05490,0,0.0350830892300203,48.42,0.365,253,0.5466409999999999
SPY49_RS05495,0,0.03521406298510677,61.0,0.4270000000000001,71,-0.156338
SPY49_RS05500,0,0.8236149692802784,38.92,0.425,872,-0.340252
SPY49_RS05505,0,0.035791491532531625,39.95,0.363,351,-0.611681
SPY49_RS05510,0,0.0,49.39,0.386,235,-0.102553
SPY49_RS05515,0,0.03529498495547917,45.44,0.363,398,0.886432
SPY49_RS05520,0,0.03529498495547917,43.24,0.388,601,-0.472046
SPY49_RS05525,0,0.03540351308934544,54.1,0.374,320,-0.432187
SPY49_RS05530,0,0.0,50.2,0.419,238,-0.306723
SPY49_RS05535,0,0.07070073605481894,48.48,0.395,234,-0.123932
SPY49_RS05540,1,0.1061244680197459,46.36,0.424,342,-0.255848
SPY49_RS05545,1,0.0,52.68,0.384,406,-0.615025
SPY49_RS05550,0,0.0,51.62,0.396,196,-0.385204
SPY49_RS05555,0,0.03541237390076618,47.98,0.4270000000000001,82,-0.15243900000000002
SPY49_RS05560,0,0.035434563600406685,56.77,0.382,75,-0.181333
SPY49_RS05570,0,0.2586588731873353,53.56,0.3670000000000001,346,-0.115318
SPY49_RS05575,0,0.03540351308934544,51.87,0.395,747,0.270951
SPY49_RS05580,0,0.03540351308934544,46.78,0.373,220,-0.249545
SPY49_RS05585,0,0.4708416255086834,48.37,0.417,246,-0.011789
SPY49_RS05590,1,0.10601252113080943,53.98,0.392,284,-0.146127
SPY49_RS05595,1,0.03541237390076618,40.83,0.362,92,-0.7608699999999999
SPY49_RS05600,0,0.035434563600406685,49.96,0.4,666,0.487537
SPY49_RS05605,0,0.10566042538211497,42.92,0.419,539,-0.655844
SPY49_RS05610,0,0.03540351308934544,45.95,0.399,514,-0.413424
SPY49_RS05615,0,0.0,55.48,0.364,231,0.787446
SPY49_RS05620,0,0.8239570397495443,49.52,0.392,463,-0.204319
SPY49_RS05625,0,0.7883761209477329,46.98,0.398,348,-0.022989
SPY49_RS05630,0,0.03529620535761177,49.75,0.407,198,-0.041919
SPY49_RS05635,0,0.0,45.71,0.354,63,-0.012698
SPY49_RS05640,0,0.03540351308934544,44.84,0.384,271,0.783395
SPY49_RS05645,0,0.03541237390076618,44.21,0.35700000000000004,180,1.340555
SPY49_RS05650,0,0.03541258367756097,41.95,0.35600000000000004,173,0.024278
SPY49_RS05655,0,0.222207517644376,32.36,0.418,231,-0.420346
SPY49_RS05665,0,0.0,47.25,0.406,620,0.296452
SPY49_RS05670,0,0.29361073474925103,32.43,0.41,91,-0.189011
SPY49_RS05675,0,0.03533712226973363,45.4,0.32299999999999995,195,-0.14564100000000002
SPY49_RS05680,0,0.0,48.88,0.329,280,-0.272143
SPY49_RS05685,0,0.0,45.78,0.379,283,0.10212
SPY49_RS05690,0,0.0,42.46,0.363,318,-0.381132
SPY49_RS05695,0,0.0,50.13,0.4,553,-0.337613
SPY49_RS05700,0,0.0706333276273454,45.25,0.344,156,-0.08782100000000001
SPY49_RS05705,0,0.03529498495547917,51.74,0.422,275,-0.296364
SPY49_RS05715,0,0.10605019795920784,45.55,0.35200000000000004,71,-0.56338
SPY49_RS05720,0,0.0,51.1,0.422,446,-0.334753
SPY49_RS05725,0,0.565192869542151,47.63,0.401,284,-0.028873000000000006
SPY49_RS05730,0,0.0704301455429006,48.79,0.382,564,-0.277305
SPY49_RS05735,0,0.03540351308934544,46.52,0.376,469,-0.477825
SPY49_RS05740,0,0.0,49.56,0.411,244,-0.010246
SPY49_RS05745,0,0.0,47.24,0.401,228,0.7438600000000001
SPY49_RS05750,0,0.0,37.61,0.39,76,-0.1
SPY49_RS05755,1,0.07047002842036099,44.95,0.414,760,-0.475921
SPY49_RS05760,1,0.10620952558809446,43.73,0.395,151,-0.571523
SPY49_RS05765,1,0.0,42.82,0.34,100,-0.341
SPY49_RS05770,0,0.8939874788691905,41.76,0.42,933,-0.267631
SPY49_RS05775,0,0.10564488551777168,46.46,0.369,252,-0.773413
SPY49_RS05780,0,0.0,42.8,0.316,263,-0.045627
SPY49_RS05785,0,0.07075297499373431,35.6,0.317,84,1.307143
SPY49_RS05790,0,0.07101409887303697,45.27,0.378,218,-0.8724770000000001
SPY49_RS05795,0,0.07069849804482461,43.48,0.339,223,-0.278924
SPY49_RS05800,0,0.964891605340184,41.33,0.424,439,-0.184055
SPY49_RS05805,0,0.7849917689645659,44.59,0.394,454,-0.044493
SPY49_RS05810,0,0.10685924968156836,51.02,0.379,382,-0.730367
SPY49_RS05815,0,0.8946764733167716,53.41,0.411,360,-0.121111
SPY49_RS05820,0,0.7886072372270579,50.4,0.402,452,0.07588500000000001
SPY49_RS05825,0,0.0,39.88,0.378,83,0.910844
SPY49_RS05830,0,0.0,38.57,0.417,613,-0.303752
SPY49_RS05835,0,0.0,45.21,0.388,129,-0.31938
SPY49_RS05840,0,0.07059342832308528,43.97,0.438,323,0.206811
SPY49_RS05845,0,0.0,43.47,0.343,67,-0.447761
SPY49_RS05850,0,0.03540351308934544,45.23,0.404,175,-0.27828600000000003
SPY49_RS05855,1,0.0,45.63,0.332,208,1.125481
SPY49_RS05860,0,0.0,48.84,0.376,359,-0.35320300000000004
SPY49_RS05865,0,0.03543751246385449,44.33,0.34,206,-1.302913
SPY49_RS05870,0,0.03529498495547917,47.9,0.378,325,-0.209538
SPY49_RS05875,0,0.0352972229654735,48.48,0.383,345,-0.08898500000000001
SPY49_RS05880,0,0.7176150131880107,51.16,0.35200000000000004,163,-0.13681
SPY49_RS05885,0,0.0706175760744522,43.15,0.382,179,0.143017
SPY49_RS05890,0,0.03540351308934544,44.18,0.414,330,-0.338485
SPY49_RS05895,0,0.03543751246385449,42.68,0.424,316,0.00981
SPY49_RS05900,0,0.3180905537398194,47.34,0.419,443,-0.240858
SPY49_RS05910,0,0.14124500377204652,37.01,0.419,337,-0.249258
SPY49_RS05915,0,0.03529498495547917,45.08,0.409,146,-0.370548
SPY49_RS05920,0,0.03521534132416388,36.22,0.406,411,-0.27226300000000003
SPY49_RS05925,0,0.03529620535761177,53.73,0.36,226,-0.343805
SPY49_RS05930,1,0.03540351308934544,51.24,0.41,157,-0.288535
SPY49_RS05935,0,0.07127778827414223,53.29,0.417,238,-0.328572
SPY49_RS05940,0,0.0,57.65,0.409,359,-0.424791
SPY49_RS05945,0,0.0,51.68,0.429,577,-0.17643
SPY49_RS05950,0,0.0,49.06,0.404,246,-0.231707
SPY49_RS05955,0,0.0,50.65,0.409,368,-0.513043
SPY49_RS05960,0,0.0706175760744522,50.83,0.398,207,-0.48744
SPY49_RS05965,0,0.07059119031309093,53.54,0.396,229,1.044541
SPY49_RS05970,0,0.03540351308934544,50.45,0.395,97,-0.384536
SPY49_RS05975,0,0.0,50.26,0.38,341,-0.278006
SPY49_RS05980,0,0.0,49.35,0.397,224,-0.427232
SPY49_RS05985,0,0.0,46.24,0.384,282,-0.439007
SPY49_RS05990,0,0.0,48.06,0.353,631,-0.617433
SPY49_RS05995,0,0.0,50.94,0.391,242,-0.436363
SPY49_RS06000,0,0.0,49.48,0.358,802,-0.428304
SPY49_RS06005,0,0.8586894536204578,47.1,0.451,882,-0.422789
SPY49_RS06010,0,0.0,53.53,0.396,187,-0.407487
SPY49_RS06020,0,0.0,44.59,0.41,131,-0.401527
SPY49_RS06025,0,0.035434563600406685,40.27,0.349,84,-0.830952
SPY49_RS06035,1,0.3534965808024373,49.23,0.411,250,-0.2016
SPY49_RS06040,1,0.2826564385990095,46.51,0.423,357,-0.131933
SPY49_RS06045,0,0.035252777487113716,45.54,0.38,101,0.00099
SPY49_RS06050,0,0.03529620535761177,57.62,0.411,112,0.13839300000000002
SPY49_RS06055,0,0.2123772765160004,50.39,0.418,251,-0.35099600000000003
SPY49_RS06060,0,0.2471933304405371,51.87,0.462,292,0.096233
SPY49_RS06065,0,0.0705489828447255,52.61,0.44,1168,-0.322774
SPY49_RS06070,0,0.0,52.18,0.385,494,-0.401012
SPY49_RS06075,0,0.0,51.59,0.404,574,-0.208885
SPY49_RS06080,0,0.0,48.27,0.371,201,0.8945280000000001
SPY49_RS06085,0,0.0,45.51,0.393,481,-0.480042
SPY49_RS06090,0,0.0,45.73,0.395,308,0.545779
SPY49_RS06095,0,0.0,55.26,0.382,316,0.498734
SPY49_RS06105,0,0.0,50.81,0.447,480,-0.359583
SPY49_RS06110,0,0.0,55.19,0.42,564,-0.436525
SPY49_RS06115,0,0.0,50.51,0.41,346,-0.080347
SPY49_RS06120,1,0.0,48.97,0.444,428,-0.359813
SPY49_RS06125,1,0.0,50.89,0.442,901,-0.492342
SPY49_RS06130,0,0.0,49.81,0.324,451,0.47184
SPY49_RS06135,0,0.0,53.81,0.418,451,-0.243015
SPY49_RS06140,1,0.07053745327463425,48.28,0.353,258,-0.801938
SPY49_RS06145,1,0.0,49.09,0.363,177,-0.5242939999999999
SPY49_RS06200,0,0.03541237390076618,39.42,0.35,177,-0.5282479999999999
SPY49_RS06205,0,0.035314023085984816,46.93,0.326,221,-0.035746
SPY49_RS06210,0,0.0,47.77,0.361,441,-0.01746
SPY49_RS06215,1,0.035314023085984816,51.91,0.35700000000000004,210,-0.246667
SPY49_RS06220,1,0.1059417383109149,42.9,0.393,313,0.058786
SPY49_RS06225,0,0.0,53.46,0.384,125,-0.4656
SPY49_RS06230,0,0.0,46.76,0.406,466,-0.226824
SPY49_RS06235,0,0.07725196876506951,51.1,0.397,213,-0.100939
SPY49_RS06240,0,0.035173823062749215,49.87,0.34700000000000003,334,-0.175749
SPY49_RS06245,0,0.0,49.62,0.314,230,0.41913
SPY49_RS06250,0,0.10539085247805834,50.82,0.401,632,-0.252215
SPY49_RS06255,0,0.14723930815378242,44.82,0.385,246,-0.300406
SPY49_RS06260,0,0.0,48.63,0.389,440,-0.275455
SPY49_RS06265,0,0.7529712970690667,43.97,0.38,311,0.07717
SPY49_RS06270,0,0.42480425402763866,49.07,0.39,794,-0.31095700000000004
SPY49_RS06275,0,0.07053886050940203,40.88,0.39,105,-0.715238
SPY49_RS06280,0,0.9293681868989958,45.8,0.401,211,-0.380569
SPY49_RS06285,0,0.1061695657180311,45.09,0.415,535,-0.437383
SPY49_RS06290,0,0.03529620535761177,57.08,0.371,298,-0.057383
SPY49_RS06295,1,0.035840275810287765,44.95,0.415,395,0.045316
SPY49_RS06300,1,0.0,50.8,0.415,216,-0.055093
SPY49_RS06305,1,0.03540351308934544,45.23,0.416,219,0.114612
SPY49_RS06310,1,0.035415609878353266,47.0,0.404,259,0.103861
SPY49_RS06315,1,0.07081588699011163,51.63,0.391,443,0.964334
SPY49_RS06320,1,0.0,43.64,0.417,160,-0.1625
SPY49_RS06325,0,0.0,48.47,0.406,489,-0.425562
SPY49_RS06330,0,0.0,53.38,0.395,384,-0.221614
SPY49_RS06335,0,0.035840275810287765,36.83,0.324,108,-0.637037
SPY49_RS06340,0,0.0,50.47,0.341,169,-0.378698
SPY49_RS06345,1,0.035840275810287765,53.13,0.363,202,-0.388614
SPY49_RS06350,1,0.07117739808002138,44.94,0.39,721,-0.431207
SPY49_RS06355,0,0.0,41.46,0.394,445,-0.405843
SPY49_RS06360,0,0.6468147472686141,52.67,0.425,274,-0.175183
SPY49_RS06365,0,0.29366967218401685,43.92,0.402,484,-0.295455
SPY49_RS06370,0,0.03529498495547917,46.22,0.4,459,0.688236
SPY49_RS06375,0,0.469946728353819,46.44,0.396,305,-0.107541
SPY49_RS06380,0,0.0,46.64,0.306,74,1.166216
SPY49_RS06385,0,0.04184845567572408,51.11,0.401,247,-0.227126
SPY49_RS06390,0,0.04184845567572408,48.58,0.401,267,0.5288390000000001
SPY49_RS06395,0,0.04184845567572408,47.29,0.42,447,-0.4729310000000001
SPY49_RS06400,0,0.8238358778568144,44.55,0.381,336,0.839881
SPY49_RS06405,0,0.7178116336415588,46.3,0.374,751,-0.274434
SPY49_RS06410,0,0.11073992560967373,50.87,0.34600000000000003,107,-0.46542
SPY49_RS06415,0,0.4588488764075564,51.14,0.4,337,-0.317804
SPY49_RS06420,0,0.0,40.64,0.34600000000000003,53,-0.050943
SPY49_RS06425,0,0.21168518251962765,51.31,0.425,416,-0.026202
SPY49_RS06430,0,0.2821795862324741,56.76,0.399,273,0.14139200000000002
SPY49_RS06435,0,0.0,52.88,0.375,542,0.7036899999999999
SPY49_RS06440,0,0.0,54.95,0.399,244,-0.178278
SPY49_RS06445,0,0.035173823062749215,43.34,0.3670000000000001,88,-0.468182
SPY49_RS06455,0,0.035252777487113716,35.93,0.393,214,0.171028
SPY49_RS06460,0,0.0,56.75,0.401,499,-0.088377
SPY49_RS06465,0,0.0,55.38,0.418,448,0.006027
SPY49_RS06470,0,0.0,56.41,0.465,233,0.937339
SPY49_RS06475,0,0.07057733615209465,49.88,0.43,612,-0.372222
SPY49_RS06480,0,0.07025691229276951,47.06,0.422,508,-0.226575
SPY49_RS06485,0,0.0,35.74,0.364,130,-0.673077
SPY49_RS06490,0,0.11260366867945272,42.26,0.435,85,-1.183529
SPY49_RS06495,0,0.6820353956504441,45.25,0.4370000000000001,679,-0.110604
SPY49_RS06500,0,0.5758380106842578,44.86,0.4370000000000001,305,-0.403279
SPY49_RS06505,0,0.07044796327127363,45.65,0.35600000000000004,177,0.748023
SPY49_RS06510,0,0.035173823062749215,47.07,0.416,279,-0.256272
SPY49_RS06515,0,0.1059969414124307,47.47,0.44,382,-0.043456
SPY49_RS06520,0,0.03540351308934544,50.76,0.389,543,0.455617
SPY49_RS06530,0,0.07058579885676577,49.55,0.383,280,-0.136071
SPY49_RS06535,1,0.0,42.11,0.36,185,-0.211892
SPY49_RS06540,0,0.03521406298510677,49.23,0.422,274,-0.035766
SPY49_RS06545,0,0.0,47.16,0.423,205,0.808293
SPY49_RS06550,0,0.0,51.99,0.408,325,-0.172308
SPY49_RS06560,0,0.0705280860710916,43.87,0.388,171,-0.205263
SPY49_RS06565,0,0.0,43.51,0.421,141,0.035461
SPY49_RS06570,0,0.0,47.64,0.425,482,0.8217840000000001
SPY49_RS06575,0,0.0,54.61,0.426,101,0.040594
SPY49_RS06580,0,0.0,58.81,0.395,157,-0.039491000000000005
SPY49_RS06585,1,0.0,54.38,0.359,256,-0.24960900000000005
SPY49_RS09330,0,0.0,50.93,0.435,56,0.116071
SPY49_RS06590,0,0.0,45.56,0.413,67,-0.358209
SPY49_RS06595,0,0.0,48.8,0.433,743,0.336878
SPY49_RS06600,0,0.0,56.68,0.389,145,-0.234483
SPY49_RS06605,1,0.0,43.67,0.364,333,-0.372973
SPY49_RS06610,0,0.3179814155529196,40.98,0.385,116,-0.639655
SPY49_RS06615,0,0.8547587800879144,44.04,0.407,953,-0.652361
SPY49_RS06620,0,0.113009312136109,43.66,0.363,100,0.09
SPY49_RS06625,0,0.1832831066666124,42.65,0.337,98,-0.518367
SPY49_RS06630,0,0.7071524163393139,43.87,0.404,385,-0.4210390000000001
SPY49_RS06635,0,0.3886929059631275,44.89,0.376,164,0.043902
SPY49_RS06645,0,0.10571490233102468,50.58,0.4,211,-0.580095
SPY49_RS06650,0,0.1870538020456357,52.45,0.376,263,-0.44943
SPY49_RS06655,0,0.0,49.31,0.324,344,0.525872
SPY49_RS06660,0,0.07085312234220775,42.01,0.368,241,0.095851
SPY49_RS06665,1,0.0702170294153091,42.06,0.422,139,-0.16330899999999998
SPY49_RS06670,1,0.03540351308934544,45.17,0.373,118,-0.487288
SPY49_RS06675,0,0.0,43.61,0.382,427,-0.375176
SPY49_RS06680,0,0.0,43.17,0.366,174,-0.102874
SPY49_RS06685,0,0.5728470714438911,44.05,0.377,153,-0.220915
SPY49_RS06690,0,0.03540351308934544,47.27,0.381,486,0.962757
SPY49_RS06700,1,0.03541237390076618,35.46,0.414,330,-0.149394
SPY49_RS06705,1,0.0,34.03,0.455,269,1.0033459999999998
SPY49_RS06710,1,0.03540351308934544,35.49,0.433,303,0.341584
SPY49_RS06715,1,0.0,47.57,0.35600000000000004,119,-0.254622
SPY49_RS06720,1,0.7813387927652603,39.2,0.424,425,-0.484706
SPY49_RS06725,0,0.6827561617445077,46.17,0.422,256,-0.1375
SPY49_RS06730,0,0.7179908948421891,49.85,0.411,288,-0.06145800000000001
SPY49_RS06735,0,0.6119298219097449,47.8,0.423,454,-0.029295
SPY49_RS06740,0,0.7177966390860409,46.83,0.424,140,0.119286
SPY49_RS06745,0,0.6471749354059128,52.36,0.412,166,-0.059036
SPY49_RS06750,0,0.5763603240609021,46.57,0.418,410,-0.055366
SPY49_RS06755,0,0.7533424365606467,41.28,0.404,244,0.204918
SPY49_RS06760,0,0.6823994850342049,46.97,0.402,312,0.061218
SPY49_RS06765,0,0.15154780425566938,44.23,0.417,323,0.201858
SPY49_RS06770,0,0.36390347414214025,34.03,0.32,74,-0.152703
SPY49_RS06775,0,0.6112945760119403,48.69,0.408,324,0.157716
SPY49_RS06780,0,0.0,56.91,0.38,144,-0.223611
SPY49_RS06785,0,0.11254817412268127,45.82,0.398,263,0.189354
SPY49_RS06790,0,0.3636272284694418,42.49,0.431,378,-0.612963
SPY49_RS06795,0,0.6458944417669144,34.95,0.405,608,-0.332566
SPY49_RS06800,0,0.6424420687520352,49.01,0.409,190,-0.801053
SPY49_RS06805,0,0.1120654850910332,47.17,0.376,343,-0.039359
SPY49_RS06810,0,0.0,49.05,0.353,189,-0.448148
SPY49_RS06815,0,0.0,47.86,0.399,247,-0.410122
SPY49_RS06820,0,0.0,49.13,0.4,235,-0.454468
SPY49_RS06825,0,0.0,35.49,0.405,79,1.102532
SPY49_RS06830,0,0.0,50.17,0.371,71,0.294366
SPY49_RS06835,0,0.7168786294579392,46.17,0.434,479,-0.415031
SPY49_RS06840,0,0.7168976675884448,46.09,0.434,488,-0.064959
SPY49_RS06845,0,0.5411760386880339,44.71,0.397,100,-0.307
SPY49_RS06855,0,0.0706372113241834,44.77,0.366,184,-0.168478
SPY49_RS06860,0,0.0,45.63,0.383,260,-0.053846000000000005
SPY49_RS06870,1,0.0,43.44,0.378,150,-0.05
SPY49_RS06875,0,0.0350830892300203,51.1,0.38,462,-0.340476
SPY49_RS06880,1,0.0,43.51,0.391,321,0.12648
SPY49_RS06885,0,0.03532058065009717,44.59,0.311,234,0.805983
SPY49_RS06890,0,0.0,47.14,0.35,300,0.038333
SPY49_RS06895,0,0.03529498495547917,41.38,0.371,671,-0.13383
SPY49_RS06900,0,0.0,47.26,0.387,484,-0.08781
SPY49_RS06905,0,0.03540351308934544,53.33,0.361,226,0.938938
SPY49_RS06910,0,0.0,43.57,0.355,197,0.970558
SPY49_RS06915,0,0.03540351308934544,46.51,0.35700000000000004,556,0.301439
SPY49_RS06920,0,0.0,49.22,0.382,587,0.141397
SPY49_RS06925,0,0.03543751246385449,52.49,0.412,278,-0.179856
SPY49_RS06930,0,0.07044282366291288,52.02,0.409,340,1.155294
SPY49_RS09345,0,0.0,49.99,0.388,581,-0.312565
SPY49_RS06945,0,0.10609955840301016,44.86,0.355,1275,-0.50298
SPY49_RS06950,0,0.0,49.48,0.409,503,-0.564612
SPY49_RS06955,0,0.3287463578502097,45.35,0.394,366,0.051912
SPY49_RS06960,0,0.5056511759229223,45.3,0.364,118,-0.175424
SPY49_RS06965,0,0.7109414154280056,42.36,0.412,839,-0.4557810000000001
SPY49_RS06975,0,0.0,53.13,0.383,377,-0.26817
SPY49_RS06980,0,0.035173823062749215,47.03,0.416,317,-0.283912
SPY49_RS06985,0,0.0,53.37,0.457,310,0.225484
SPY49_RS06990,0,0.0,44.16,0.3670000000000001,843,-0.631791
SPY49_RS06995,0,0.0,49.54,0.431,627,0.515789
SPY49_RS07000,1,0.04184845567572408,52.95,0.424,479,-0.450522
SPY49_RS07005,1,0.03540351308934544,56.78,0.391,321,-0.132711
SPY49_RS07010,0,0.4235620355018489,51.78,0.364,150,-0.260667
SPY49_RS07015,0,0.0,52.73,0.398,129,-0.027907
SPY49_RS07020,0,0.5009849191472631,36.46,0.407,185,-0.23135100000000006
SPY49_RS07025,0,0.07056460460848261,51.02,0.436,153,-0.240523
SPY49_RS07030,0,0.1407943655674038,50.47,0.436,357,0.003361
SPY49_RS07035,0,0.0350830892300203,49.7,0.4270000000000001,942,-0.29087
SPY49_RS07040,1,0.0771624787617089,54.75,0.39,314,-0.029936
SPY49_RS07045,1,0.035271450242243506,50.31,0.411,218,0.133945
SPY49_RS07050,0,0.7177699802806162,33.48,0.418,79,-0.756962
SPY49_RS07055,0,0.3991159688679394,45.29,0.429,163,-0.62638
SPY49_RS07060,0,0.7115519864258429,31.05,0.399,96,-0.272917
SPY49_RS07065,0,0.0,49.19,0.316,97,1.33402
SPY49_RS07070,1,0.0,46.12,0.384,384,-0.540365
SPY49_RS07075,1,0.035173823062749215,49.43,0.342,195,0.06461499999999999
SPY49_RS07080,0,0.32504221630677715,30.35,0.35600000000000004,104,-0.07403799999999999
SPY49_RS07085,0,0.07069849804482461,48.76,0.325,166,0.747591
SPY49_RS07090,0,0.0,44.01,0.366,779,-0.391014
SPY49_RS07095,0,0.0,53.09,0.344,181,1.172928
SPY49_RS07100,0,0.0,38.18,0.34,102,-0.45
SPY49_RS07105,1,0.1120654850910332,49.34,0.371,300,-0.145333
SPY49_RS07110,1,0.466394201339244,40.23,0.369,197,-0.411167
SPY49_RS07115,1,0.07056850378569551,49.66,0.419,817,-0.281885
SPY49_RS07120,1,0.03521534132416388,53.88,0.371,160,0.755625
SPY49_RS07125,0,0.0,52.47,0.419,364,-0.236264
SPY49_RS07130,1,0.07074063535907907,31.48,0.419,775,-0.396645
SPY49_RS07140,0,0.0,47.51,0.353,250,-0.3192
SPY49_RS07145,1,0.0,51.83,0.387,310,0.897742
SPY49_RS07150,0,0.0,42.41,0.404,282,0.565603
SPY49_RS07155,0,0.0,46.13,0.396,398,0.8309049999999999
SPY49_RS07160,1,0.07127483941069446,48.75,0.333,219,-0.311416
SPY49_RS07165,1,0.0,49.97,0.397,760,-0.360921
SPY49_RS07170,0,0.0,48.36,0.342,73,-0.486301
SPY49_RS07175,1,0.0,43.73,0.349,124,-0.517742
SPY49_RS07180,0,0.0,40.81,0.435,59,0.011865
SPY49_RS07185,1,0.0,46.06,0.368,266,-0.457519
SPY49_RS07195,0,0.03540351308934544,47.48,0.325,288,0.019097
SPY49_RS07200,0,0.1764575413368027,47.58,0.343,174,-0.401724
SPY49_RS07205,0,0.03533712226973363,48.23,0.446,402,-0.352239
SPY49_RS07215,0,0.0,50.11,0.391,75,0.445333
SPY49_RS07220,0,0.0,39.09,0.348,91,-0.223077
SPY49_RS07225,0,0.0,57.78,0.429,205,-0.38
SPY49_RS07230,0,0.10579490446598533,54.47,0.428,636,-0.403145
SPY49_RS07235,0,0.0,57.23,0.385,334,-0.575749
SPY49_RS07240,0,0.03540351308934544,56.24,0.414,683,-0.589019
SPY49_RS07245,0,0.0,46.77,0.353,259,-0.397684
SPY49_RS07250,0,0.1411300668668685,49.76,0.44,1211,0.341866
SPY49_RS07255,0,0.0,47.33,0.34600000000000003,109,-0.452294
SPY49_RS07260,0,0.0,47.99,0.406,119,-0.283193
SPY49_RS07265,0,0.0,36.28,0.386,202,-0.623267
SPY49_RS07270,0,0.0,48.35,0.395,129,-0.418605
SPY49_RS07275,0,0.0,45.86,0.369,121,-0.195041
SPY49_RS07280,0,0.0,41.67,0.405,102,-0.747059
SPY49_RS07285,0,0.0,48.64,0.373,117,-0.24359
SPY49_RS07290,0,0.0,43.03,0.383,80,-0.21875
SPY49_RS07295,0,0.035402550672666684,39.32,0.394,360,-0.209722
SPY49_RS07300,0,0.07082137630872952,46.76,0.41,126,-0.192857
SPY49_RS07305,0,0.0,44.57,0.4270000000000001,177,-0.7785310000000001
SPY49_RS07310,0,0.0,51.17,0.333,88,-0.7204550000000001
SPY49_RS07315,0,0.0,61.0,0.397,104,-0.626923
SPY49_RS07320,0,0.0,39.85,0.311,61,-0.903279
SPY49_RS07325,0,0.03541237390076618,52.86,0.3720000000000001,520,-0.688462
SPY49_RS07330,0,0.0,52.5,0.419,500,-0.7002
SPY49_RS07335,0,0.0,46.4,0.373,429,-0.421212
SPY49_RS07340,0,0.0,46.41,0.396,160,-1.0125
SPY49_RS07345,0,0.0,53.7,0.386,146,-0.659589
SPY49_RS07350,0,0.03540351308934544,51.68,0.389,173,-0.7612720000000001
SPY49_RS07355,0,0.03529498495547917,45.8,0.405,97,-0.693815
SPY49_RS07360,0,0.0,44.81,0.35,61,-0.167213
SPY49_RS07365,0,0.0,45.03,0.375,161,-0.42236
SPY49_RS07370,0,0.03529498495547917,47.05,0.397,94,-0.4744680000000001
SPY49_RS07375,0,0.0,56.56,0.368,134,-0.399254
SPY49_RS07380,0,0.0,53.13,0.368,95,-0.403158
SPY49_RS07390,0,0.0,45.47,0.376,118,-0.8254239999999999
SPY49_RS07400,0,0.0,39.45,0.443,67,-0.68806
SPY49_RS07405,0,0.1063113382653102,59.16,0.4370000000000001,141,-0.7148939999999999
SPY49_RS07410,0,0.0,46.27,0.375,224,-0.686607
SPY49_RS07420,0,0.035415609878353266,43.25,0.393,84,-0.621429
SPY49_RS07425,0,0.0,56.57,0.391,115,-0.54087
SPY49_RS07430,0,0.07082137630872952,53.3,0.386,260,-0.57
SPY49_RS07445,0,0.0,47.0,0.354,147,-0.755102
SPY49_RS07450,1,0.0,51.02,0.341,126,-0.172222
SPY49_RS07455,0,0.0,35.22,0.359,90,-0.685556
SPY49_RS07460,0,0.07714344063120325,46.08,0.345,59,-1.118644
SPY49_RS09005,0,0.0,34.63,0.308,119,-0.62521
SPY49_RS07470,0,0.0,49.3,0.4270000000000001,85,-0.6670590000000001
SPY49_RS07475,0,0.035457990038255144,45.16,0.333,113,-0.738053
SPY49_RS07480,1,0.0,51.1,0.364,66,-0.507576
SPY49_RS07485,0,0.03540351308934544,53.14,0.412,242,-0.466116
SPY49_RS07490,0,0.0,,0.317,62,-0.669355
SPY49_RS07495,1,0.0,48.54,0.353,137,-0.683212
SPY49_RS09540,0,0.0,54.96,0.327,52,-0.4
SPY49_RS07500,0,0.03540351308934544,55.6,0.397,253,-0.475889
SPY49_RS07505,1,0.0,46.39,0.37,90,0.021111
SPY49_RS07510,0,0.0,32.08,0.328,66,-0.5560609999999999
SPY49_RS07515,0,0.0,47.85,0.315,71,-0.378873
SPY49_RS07520,1,0.0,45.24,0.34700000000000003,75,-0.261333
SPY49_RS07525,1,0.0,45.39,0.341,259,-0.502703
SPY49_RS07530,1,0.10603015975201316,44.02,0.35600000000000004,252,-0.5222220000000001
SPY49_RS07535,1,0.0,42.67,0.312,140,-0.46
SPY49_RS07540,1,0.0,47.23,0.33,378,-0.6013229999999999
SPY49_RS07545,1,0.0712982658485429,56.81,0.411,99,-0.430303
SPY49_RS07550,0,0.07087359991660841,59.52,0.399,245,-0.001224
SPY49_RS07555,0,0.0,52.39,0.395,195,-0.246154
SPY49_RS07560,0,0.0,42.94,0.411,176,-0.744318
SPY49_RS07580,1,0.03540351308934544,53.91,0.429,389,-0.214396
SPY49_RS07585,0,0.10558876528696813,34.86,0.374,223,0.050673
SPY49_RS07590,0,0.0,40.69,0.36,400,0.98725
SPY49_RS07595,0,0.035457990038255144,35.85,0.411,259,-0.141699
SPY49_RS07600,1,0.0,49.84,0.35600000000000004,252,-0.359127
SPY49_RS07605,1,0.5303283933335962,41.06,0.453,89,-1.064045
SPY49_RS07610,0,0.6786140472911607,47.19,0.418,342,0.115205
SPY49_RS07615,0,0.03540351308934544,38.65,0.338,141,-0.375177
SPY49_RS07620,0,0.7491464763815769,50.82,0.397,232,0.023276
SPY49_RS07625,1,0.07125285948784874,40.88,0.382,76,-0.778948
SPY49_RS07630,1,0.2581016160583187,42.76,0.403,560,0.020536
SPY49_RS07635,0,0.3530468530164324,44.15,0.377,448,-0.235045
SPY49_RS07640,0,0.07121201168194675,48.18,0.377,123,-0.6081300000000001
SPY49_RS07645,0,0.0,38.76,0.304,183,0.718579
SPY49_RS07650,0,0.6119149633371449,33.44,0.423,398,-0.05804
SPY49_RS07655,0,0.03533712226973363,43.0,0.353,284,-0.683451
SPY49_RS07665,0,0.1120654850910332,41.73,0.418,554,-0.025812
SPY49_RS07670,0,0.04184845567572408,40.8,0.375,121,0.131405
SPY49_RS07675,0,0.6368402546546263,31.02,0.392,62,-0.6209680000000001
SPY49_RS07680,0,0.5056137287841395,29.15,0.419,293,-0.050512
SPY49_RS07690,0,0.0350830892300203,52.62,0.392,308,-0.33961
SPY49_RS07695,0,0.7845889370371706,41.66,0.405,534,-0.284457
SPY49_RS07700,0,0.0350830892300203,45.38,0.366,191,-1.055497
SPY49_RS07705,0,0.03529620535761177,34.77,0.379,427,-0.400937
SPY49_RS07710,1,0.0,45.58,0.342,281,0.199644
SPY49_RS07715,0,0.035314023085984816,44.96,0.403,186,0.159678
SPY49_RS07720,0,0.03540351308934544,51.2,0.4,156,0.769872
SPY49_RS07725,0,0.3593725028985432,43.71,0.354,254,0.116929
SPY49_RS07730,0,0.1057828076769775,49.97,0.361,249,-0.444578
SPY49_RS07770,0,0.03540351308934544,50.54,0.396,380,0.13842100000000002
SPY49_RS07775,1,0.03540351308934544,48.88,0.392,992,-0.575202
SPY49_RS07780,1,0.0,46.89,0.345,380,-0.362895
SPY49_RS07785,1,0.07057733615209465,44.45,0.3720000000000001,526,-0.439354
SPY49_RS07790,0,0.0,61.0,0.328,66,0.09697
SPY49_RS07795,0,0.0,40.58,0.305,201,-0.19801
SPY49_RS07800,0,0.0,46.34,0.294,520,0.452885
SPY49_RS07805,0,0.0,48.72,0.308,635,0.662047
SPY49_RS07810,0,0.035457990038255144,46.39,0.327,245,-0.226531
SPY49_RS07815,0,0.0,43.28,0.331,177,-0.532768
SPY49_RS07820,0,0.03533712226973363,48.67,0.312,541,-0.391682
SPY49_RS07825,0,0.0,55.16,0.34,51,-0.064706
SPY49_RS07830,0,0.035173823062749215,39.4,0.376,468,-0.510043
SPY49_RS07835,0,0.0,39.52,0.388,565,0.47469
SPY49_RS07840,0,0.0,40.72,0.375,105,-0.254286
SPY49_RS07845,0,0.07050904794058595,38.28,0.386,327,-0.34036700000000003
SPY49_RS07850,0,0.0,45.98,0.36,309,-0.062783
SPY49_RS07855,0,0.0,41.88,0.368,171,-0.243275
SPY49_RS07860,0,0.1055120143707883,42.29,0.387,142,-0.109155
SPY49_RS07865,1,0.0,50.12,0.34600000000000003,257,-0.22179
SPY49_RS07870,1,0.04184845567572408,50.61,0.34600000000000003,78,-0.273077
SPY49_RS07875,1,0.03532058065009717,50.95,0.339,111,-0.6279279999999999
SPY49_RS09375,1,0.0,58.27,0.444,60,-0.488333
SPY49_RS09385,1,0.0,50.47,0.382,116,-0.168104
SPY49_RS07880,0,0.7493013128838905,28.55,0.451,130,-0.4753850000000001
SPY49_RS07885,0,0.8941173187958583,32.19,0.419,148,-0.244595
SPY49_RS07890,0,0.035173823062749215,47.85,0.431,68,-0.17647100000000002
SPY49_RS07895,0,0.03521406298510677,58.27,0.421,232,0.531465
SPY49_RS07905,0,0.035434563600406685,49.68,0.375,160,-0.46
SPY49_RS07910,0,0.07048784614873405,48.5,0.388,248,-0.13588699999999998
SPY49_RS07915,0,0.035252777487113716,43.51,0.376,265,-0.573962
SPY49_RS07920,0,0.0,51.86,0.401,137,-0.378832
SPY49_RS07925,0,0.8585638667228074,49.95,0.409,447,-0.278523
SPY49_RS07930,0,0.0,45.23,0.316,76,0.851316
SPY49_RS07940,0,0.14175507485021346,45.85,0.43,193,0.025389
SPY49_RS07945,0,0.07714466103333585,45.06,0.403,250,-0.3372
SPY49_RS07950,0,0.3174210279578617,44.72,0.444,710,-0.12901400000000002
SPY49_RS07955,0,0.0,41.67,0.415,242,0.102066
SPY49_RS07960,0,0.0,47.33,0.445,459,0.929412
SPY49_RS07965,0,0.0,43.44,0.383,94,0.130851
SPY49_RS07970,0,0.03513394018528882,53.89,0.409,686,-0.017784
SPY49_RS07975,0,0.608058011517583,34.75,0.408,89,-0.8
SPY49_RS07980,0,0.0,43.99,0.414,66,0.50303
SPY49_RS07985,1,0.5046188777791891,46.56,0.404,204,-0.260784
SPY49_RS07990,0,0.14123813786920505,44.0,0.426,180,0.099444
SPY49_RS07995,0,0.0,61.0,0.394,142,-0.050704
SPY49_RS08000,0,0.2580581881878206,50.94,0.435,1465,-0.254266
SPY49_RS08005,0,0.788331504681726,44.52,0.438,618,-0.272816
SPY49_RS08010,0,0.212197507510081,52.69,0.411,419,0.239618
SPY49_RS08015,0,0.8590275350747364,51.17,0.394,264,0.924621
SPY49_RS08020,0,0.8233815085940164,49.46,0.41,249,-0.201205
SPY49_RS08025,0,0.4238328359138908,48.25,0.394,121,0.038017
SPY49_RS08030,0,0.0,48.13,0.435,124,-0.108871
SPY49_RS08035,0,0.07057733615209465,52.68,0.433,1165,-0.47588
SPY49_RS08040,0,0.0703492815094527,51.2,0.4370000000000001,537,-0.493482
SPY49_RS08045,0,0.0350830892300203,45.54,0.429,377,-0.302387
SPY49_RS08050,0,0.1066155247712922,59.45,0.445,296,-0.074662
SPY49_RS08055,1,0.035314023085984816,49.19,0.402,440,-0.5725
SPY49_RS08060,0,0.10653877385511236,50.62,0.429,147,-0.018368
SPY49_RS08065,0,0.353367997128382,49.28,0.444,739,-0.409066
SPY49_RS08070,0,0.0,39.62,0.4970000000000001,422,-1.219194
SPY49_RS08075,1,0.08095661394257841,60.56,0.473,160,-0.18625
SPY49_RS08080,0,0.03541237390076618,53.98,0.425,272,-0.234191
SPY49_RS08085,0,0.0350830892300203,46.97,0.446,728,0.46717
SPY49_RS08090,0,0.03540351308934544,56.43,0.442,249,-0.110442
SPY49_RS08095,0,0.03540351308934544,50.79,0.45,317,0.055520000000000014
SPY49_RS08100,0,0.0,40.15,0.253,360,0.603055
SPY49_RS08110,0,0.0,49.71,0.448,105,-0.7819050000000001
SPY49_RS08115,0,0.0,50.79,0.397,156,-0.441026
SPY49_RS08120,0,0.03540351308934544,44.16,0.295,69,-0.802898
SPY49_RS08130,0,0.0,54.49,0.3720000000000001,192,-0.444792
SPY49_RS08135,0,0.0,53.57,0.368,96,-0.69375
SPY49_RS08140,0,0.14136911162429153,54.03,0.391,410,-0.770976
SPY49_RS08150,0,0.0,45.26,0.362,104,-0.6125
SPY49_RS08155,1,0.0,40.77,0.355,78,-0.075641
SPY49_RS08165,1,0.21183914004465249,54.46,0.44,585,-0.336068
SPY49_RS08170,1,0.247136363010126,51.35,0.456,188,-0.121809
SPY49_RS08175,1,0.0,51.78,0.428,422,-0.254739
SPY49_RS08185,1,0.0,55.2,0.3720000000000001,146,-0.366439
SPY49_RS08190,1,0.0,58.81,0.375,168,-0.530357
SPY49_RS08195,0,0.0,40.93,0.18,111,1.14054
SPY49_RS08200,0,0.03540351308934544,41.7,0.35,201,0.06567200000000001
SPY49_RS09545,0,0.0,61.0,0.348,69,-0.146377
SPY49_RS08205,1,0.0,47.51,0.402,496,-0.607863
SPY49_RS08210,1,0.0702170294153091,50.84,0.401,325,0.637231
SPY49_RS08215,1,0.03529498495547917,44.2,0.398,273,0.775092
SPY49_RS08220,1,0.0,47.47,0.395,267,-0.068914
SPY49_RS08225,1,0.0,48.17,0.386,208,-0.34375
SPY49_RS08230,0,0.0,39.33,0.369,66,-0.728788
SPY49_RS08235,0,0.0,48.7,0.405,823,-0.797691
SPY49_RS08240,0,0.0,57.88,0.408,306,-0.420915
SPY49_RS08245,0,0.0,46.13,0.44,445,-0.8993260000000001
SPY49_RS08255,0,0.0,47.36,0.399,368,-1.014674
SPY49_RS08260,0,0.0,44.66,0.408,385,-1.141039
SPY49_RS08265,0,0.035227482338748985,42.51,0.392,415,-0.781446
SPY49_RS08270,0,0.0,53.23,0.369,533,-0.222514
SPY49_RS08275,0,0.0,55.84,0.402,83,0.439759
SPY49_RS08280,0,0.0,52.51,0.449,542,-0.90203
SPY49_RS08285,0,0.03529498495547917,56.4,0.386,462,-0.193074
SPY49_RS08290,0,0.0,52.92,0.386,217,-0.173733
SPY49_RS08295,0,0.1414151052005196,51.56,0.383,405,0.220494
SPY49_RS08300,0,0.03541237390076618,59.69,0.399,224,-0.224554
SPY49_RS08305,0,0.0350830892300203,48.1,0.401,422,-0.65237
SPY49_RS08310,0,0.0,29.08,0.3720000000000001,94,-0.478724
SPY49_RS08315,0,0.035457990038255144,46.1,0.415,98,-0.323469
SPY49_RS08320,0,0.0,54.0,0.451,651,-0.8448540000000001
SPY49_RS08325,0,0.0,51.08,0.404,1006,-0.786978
SPY49_RS08330,1,0.07048025982586269,50.49,0.509,78,-0.661538
SPY49_RS08335,0,0.035252777487113716,44.61,0.422,309,-0.550809
SPY49_RS09405,0,0.0,55.4,0.422,105,-0.586667
SPY49_RS08340,0,0.0,54.6,0.426,101,-0.539604
SPY49_RS08345,0,0.0,40.79,0.398,398,-0.368593
SPY49_RS08350,1,0.0,53.34,0.319,280,-0.15678599999999998
SPY49_RS08355,0,0.035173823062749215,50.7,0.411,276,-0.432971
SPY49_RS08360,1,0.10618762300259324,43.31,0.438,169,0.044379
SPY49_RS08365,0,0.0,44.29,0.45,362,0.14143599999999998
SPY49_RS08370,0,0.0,53.74,0.425,222,-0.072973
SPY49_RS08375,0,0.0,48.64,0.446,805,-0.369068
SPY49_RS08380,0,0.0,49.96,0.423,434,0.8647469999999999
SPY49_RS08385,0,0.035457990038255144,50.64,0.412,102,0.362745
SPY49_RS08390,0,0.03541237390076618,47.19,0.381,106,-0.118868
SPY49_RS08395,0,0.0,51.44,0.42,326,-0.171473
SPY49_RS08400,0,0.03540351308934544,54.21,0.409,248,-0.14516099999999998
SPY49_RS08405,1,0.0,50.96,0.423,257,-0.217899
SPY49_RS08410,0,0.1878845866430096,38.34,0.35600000000000004,58,0.484483
SPY49_RS09425,0,0.035791491532531625,38.83,0.407,50,-0.636
SPY49_RS08415,0,0.1414281310091627,48.18,0.399,778,-0.404627
SPY49_RS08420,0,0.0,51.72,0.405,126,-0.33015900000000004
SPY49_RS08430,1,0.03529498495547917,56.37,0.401,333,-0.341742
SPY49_RS08435,0,0.0704688080182284,52.03,0.388,546,-0.492308
SPY49_RS08440,1,0.07044017874758109,47.54,0.396,499,-0.5160319999999999
SPY49_RS08450,0,0.6049649669281424,40.21,0.433,543,0.061879
SPY49_RS08455,0,0.64753006165016,49.62,0.424,96,-0.009375
SPY49_RS08460,0,0.0,47.08,0.399,814,-0.265479
SPY49_RS08465,0,0.0,47.39,0.399,153,-0.285621
SPY49_RS08470,0,0.07071076752536888,30.52,0.378,67,-0.370149
SPY49_RS08485,0,0.14097572295664915,53.13,0.383,377,-0.26817
SPY49_RS08490,1,0.0,33.97,0.398,186,-0.116129
SPY49_RS08495,1,0.0,43.24,0.435,510,-0.01098
SPY49_RS08500,0,0.03529620535761177,48.49,0.418,421,0.062708
SPY49_RS08505,1,0.0,47.63,0.446,676,-0.321598
SPY49_RS08510,1,0.07097421599557657,47.05,0.441,299,-0.222408
SPY49_RS08515,1,0.0,47.45,0.442,208,0.101442
SPY49_RS08520,1,0.07045452083538598,46.74,0.476,557,0.078456
SPY49_RS08525,1,0.0,61.0,0.443,198,-0.335354
SPY49_RS08530,1,0.0702984305541842,49.16,0.436,447,0.771141
SPY49_RS08535,1,0.07068547237700412,46.84,0.456,513,-0.019688
SPY49_RS08540,1,0.035224837423417206,53.72,0.454,328,-0.085975
SPY49_RS08545,0,0.0,49.28,0.413,1024,-0.195801
SPY49_RS08550,1,0.782068171331221,33.0,0.431,255,-0.239216
SPY49_RS08555,1,0.8234042806866101,29.85,0.423,346,-0.141041
SPY49_RS08560,0,0.1061419569588267,43.71,0.417,631,-0.337718
SPY49_RS08565,0,0.035457990038255144,49.83,0.421,542,-0.427306
SPY49_RS08570,0,0.0,41.15,0.416,674,0.473591
SPY49_RS08575,1,0.0,53.92,0.388,237,-0.4
SPY49_RS08585,1,0.1057019091338408,52.12,0.429,285,-0.124561
SPY49_RS08590,1,0.0708191229676987,51.81,0.4320000000000001,243,-0.520165
SPY49_RS08595,0,0.07058547332822834,47.42,0.407,204,-0.360784
SPY49_RS08600,0,0.0,51.53,0.414,169,-0.493491
SPY49_RS08605,0,0.07059342832308528,51.42,0.411,311,-0.137621
SPY49_RS08610,0,0.0,44.48,0.38,732,-0.443169
SPY49_RS08615,0,0.0,48.52,0.338,519,0.408285
SPY49_RS08620,0,0.0,49.63,0.36,101,-0.771287
SPY49_RS08625,0,0.43461755695994014,45.71,0.384,139,-0.263309
SPY49_RS08630,0,0.035840275810287765,37.68,0.348,89,-0.770787
SPY49_RS08635,0,0.0,47.92,0.359,132,-0.390151
SPY49_RS08640,0,0.17664860952977293,38.66,0.41,378,-0.266931
SPY49_RS08645,0,0.03540351308934544,50.34,0.415,423,-0.037589
SPY49_RS08650,0,0.03540351308934544,53.17,0.4,186,-0.26881700000000003
SPY49_RS08655,0,0.218996408083638,53.74,0.402,198,-0.05303
SPY49_RS08660,0,0.0,46.94,0.383,406,0.757389
SPY49_RS08665,0,0.07083807668975214,50.5,0.394,660,-0.28015100000000004
SPY49_RS08670,0,0.07048660231936574,51.64,0.403,851,-0.193302
SPY49_RS08675,0,0.0,58.81,0.373,68,-1.114706
SPY49_RS08685,1,0.8584089483165135,42.28,0.414,563,-0.23659
SPY49_RS08690,1,0.035227482338748985,45.18,0.363,102,-0.042157
SPY49_RS08695,0,0.03533712226973363,46.82,0.395,290,0.524483
SPY49_RS08700,0,0.0,48.48,0.388,292,0.507534
SPY49_RS08705,0,0.0350830892300203,48.63,0.398,313,0.320767
SPY49_RS08710,0,0.8548793206023362,44.55,0.423,582,-0.326117
SPY49_RS08715,0,0.858610410801308,43.62,0.419,426,-0.381455
SPY49_RS08720,1,0.5721267254356643,25.52,0.422,60,-1.253333
SPY49_RS08725,1,0.1764061380469345,32.57,0.354,49,-1.3
SPY49_RS08735,1,0.0,38.69,0.342,204,1.044608
SPY49_RS08740,1,0.0,58.48,0.33,112,-0.161607
SPY49_RS08745,1,0.035457990038255144,45.63,0.309,307,-0.305863
SPY49_RS08750,1,0.0,52.63,0.393,250,-0.0604
SPY49_RS08755,1,0.0,52.74,0.38,200,0.1375
SPY49_RS09550,0,0.035791491532531625,49.87,0.35700000000000004,98,0.317347
SPY49_RS08765,1,0.035434563600406685,51.7,0.373,280,1.034643
SPY49_RS08770,0,0.035840275810287765,50.71,0.392,227,-0.357269
SPY49_RS08775,1,0.0,60.25,0.364,108,-0.240741
SPY49_RS08780,1,0.0,60.24,0.431,195,0.600513
SPY49_RS08785,1,0.0,48.97,0.393,357,-0.215686
SPY49_RS08790,0,0.0,48.02,0.405,757,-0.028402
SPY49_RS08795,1,0.0,44.49,0.33,178,-0.45
SPY49_RS08800,0,0.929390991958536,31.21,0.414,203,-0.479803
SPY49_RS08805,0,0.0,46.54,0.326,90,-0.5388890000000001
SPY49_RS08810,0,0.9647050150445208,48.04,0.391,453,-0.243267
SPY49_RS08815,0,0.1414665109860959,34.53,0.353,150,-0.382
SPY49_RS08820,0,0.07097421599557657,41.62,0.343,658,-0.047569
SPY49_RS08825,0,0.2539283632456837,45.4,0.4,632,-0.327373
SPY49_RS08830,0,0.0,48.43,0.349,105,-0.339048
SPY49_RS08835,0,0.7530036548140909,46.17,0.413,373,-0.399196
SPY49_RS08840,1,0.0,42.74,0.35600000000000004,223,-0.097309
SPY49_RS08845,1,0.035173823062749215,46.79,0.415,290,0.268621
SPY49_RS08850,0,0.07725196876506951,41.62,0.405,204,-0.254902
SPY49_RS08855,0,0.18276424112131165,42.71,0.343,266,0.711654
SPY49_RS08860,0,0.1120654850910332,45.95,0.368,280,-0.049643
SPY49_RS08865,0,0.14736169044864494,44.99,0.36,279,-0.208602
SPY49_RS08870,0,0.7883637842821292,38.98,0.369,180,0.8988889999999999
SPY49_RS08875,0,0.0708191229676987,46.1,0.34700000000000003,341,-0.349853
SPY49_RS08880,0,0.07069849804482461,45.72,0.319,429,-0.15338
SPY49_RS08885,0,0.0,46.3,0.308,414,-0.197585
SPY49_RS08890,1,0.0352972229654735,43.93,0.327,420,0.248095
SPY49_RS08895,1,0.07087207606426119,42.24,0.311,402,-0.217164
SPY49_RS08900,1,0.32763130392406115,50.86,0.423,304,-0.280263
SPY49_RS08905,1,0.035840275810287765,49.48,0.37,137,-0.5854020000000001
SPY49_RS08910,1,0.07058943294110248,48.1,0.373,368,-0.28125
SPY49_RS08915,0,0.0,47.16,0.36,287,0.8979090000000001
SPY49_RS08920,0,0.4592185970323896,37.48,0.418,493,-0.027789
SPY49_RS08925,0,0.7880209087683594,44.26,0.366,340,-0.426176
SPY49_RS08930,1,0.0,45.11,0.353,290,0.610345
SPY49_RS08935,1,0.03513394018528882,41.96,0.383,535,-0.285047
SPY49_RS08940,1,0.07070885814139262,45.82,0.314,858,0.30093200000000003
SPY49_RS08955,0,0.0,52.76,0.407,326,-0.5650310000000001
SPY49_RS08965,0,0.0,38.87,0.32299999999999995,159,-0.115723
SPY49_RS08970,1,0.0704688080182284,44.73,0.349,407,-0.085012
SPY49_RS08975,1,0.35282311391786736,46.96,0.354,268,-0.280224
